-- phpMyAdmin SQL Dump
-- version 4.9.1
-- https://www.phpmyadmin.net/
--
-- Host: 127.0.0.1
-- Generation Time: Apr 06, 2021 at 09:40 AM
-- Server version: 10.4.8-MariaDB
-- PHP Version: 7.3.10

SET SQL_MODE = "NO_AUTO_VALUE_ON_ZERO";
SET AUTOCOMMIT = 0;
START TRANSACTION;
SET time_zone = "+00:00";


/*!40101 SET @OLD_CHARACTER_SET_CLIENT=@@CHARACTER_SET_CLIENT */;
/*!40101 SET @OLD_CHARACTER_SET_RESULTS=@@CHARACTER_SET_RESULTS */;
/*!40101 SET @OLD_COLLATION_CONNECTION=@@COLLATION_CONNECTION */;
/*!40101 SET NAMES utf8mb4 */;

--
-- Database: `webple`
--

-- --------------------------------------------------------

--
-- Table structure for table `job`
--

CREATE TABLE `job` (
  `ID_job` int(11) NOT NULL,
  `jobName` varchar(45) DEFAULT NULL
) ENGINE=InnoDB DEFAULT CHARSET=utf8;

-- --------------------------------------------------------

--
-- Table structure for table `job_predictjob`
--

CREATE TABLE `job_predictjob` (
  `ID_predictJob` int(11) NOT NULL,
  `ID_job` int(11) NOT NULL
) ENGINE=InnoDB DEFAULT CHARSET=utf8;

-- --------------------------------------------------------

--
-- Table structure for table `majorelective`
--

CREATE TABLE `majorelective` (
  `ID_majorElective` int(11) NOT NULL,
  `ID_result` int(11) NOT NULL,
  `ID_subject` int(11) NOT NULL
) ENGINE=InnoDB DEFAULT CHARSET=utf8mb4;

--
-- Dumping data for table `majorelective`
--

INSERT INTO `majorelective` (`ID_majorElective`, `ID_result`, `ID_subject`) VALUES
(1, 2, 261453),
(5, 2, 261479),
(10, 2, 6),
(23, 2, 261447),
(25, 2, 269431),
(31, 2, 261448),
(61, 3, 261444),
(62, 3, 261448),
(64, 3, 261457),
(65, 3, 2),
(76, 3, 261411),
(77, 4, 261453),
(82, 4, 261458),
(86, 4, 6),
(87, 4, 261404),
(91, 4, 261424),
(92, 4, 269430),
(93, 6, 261453),
(98, 6, 261458),
(102, 6, 6),
(103, 6, 261404),
(106, 6, 261468),
(112, 6, 269421),
(113, 9, 261453),
(114, 9, 261407),
(115, 9, 261456),
(125, 9, 261414),
(127, 9, 261424),
(135, 9, 261447),
(143, 9, 261448),
(144, 10, 261453),
(148, 10, 261479),
(150, 10, 261478),
(154, 10, 261404),
(157, 10, 261468),
(159, 10, 269430),
(173, 10, 261444),
(174, 10, 261453),
(178, 10, 261479),
(180, 10, 261478),
(184, 10, 261404),
(187, 10, 261468),
(189, 10, 269430),
(203, 10, 261444),
(247, 11, 261406),
(248, 11, 261411),
(292, 11, 261406),
(293, 11, 261411),
(337, 12, 261406),
(338, 12, 261411),
(382, 12, 261406),
(383, 12, 261411),
(427, 12, 261406),
(428, 12, 261411),
(472, 12, 261406),
(473, 12, 261411),
(474, 13, 261453),
(476, 13, 261456),
(479, 13, 261458),
(480, 13, 261478),
(482, 13, 261473),
(484, 13, 261404),
(486, 13, 261414),
(487, 13, 261468),
(488, 13, 261424),
(489, 13, 269430),
(492, 13, 261434),
(493, 13, 269421),
(504, 13, 261448),
(506, 13, 261457),
(511, 13, 4),
(512, 14, 261453),
(513, 14, 261407),
(514, 14, 261456),
(522, 14, 261404),
(523, 14, 261421),
(527, 14, 269430),
(541, 14, 261444),
(542, 15, 261453),
(543, 15, 261407),
(544, 15, 261456),
(545, 15, 261472),
(546, 15, 261479),
(552, 15, 261404),
(553, 15, 261421),
(554, 15, 261414),
(555, 15, 261468),
(557, 15, 269430),
(560, 15, 261434),
(564, 15, 261447),
(571, 15, 261444),
(574, 15, 261457),
(577, 15, 3),
(578, 15, 261453),
(579, 15, 261407),
(580, 15, 261456),
(581, 15, 261472),
(582, 15, 261479),
(588, 15, 261404),
(589, 15, 261421),
(590, 15, 261414),
(591, 15, 261468),
(593, 15, 269430),
(596, 15, 261434),
(600, 15, 261447),
(607, 15, 261444),
(610, 15, 261457),
(613, 15, 3),
(614, 16, 261453),
(616, 16, 261456),
(619, 16, 261458),
(625, 16, 261421),
(627, 16, 261468),
(631, 16, 261438),
(644, 16, 261448),
(645, 16, 261453),
(647, 16, 261456),
(650, 16, 261458),
(656, 16, 261421),
(658, 16, 261468),
(662, 16, 261438),
(675, 16, 261448),
(676, 16, 261453),
(678, 16, 261456),
(681, 16, 261458),
(687, 16, 261421),
(689, 16, 261468),
(693, 16, 261438),
(706, 16, 261448),
(707, 16, 261453),
(709, 16, 261456),
(712, 16, 261458),
(718, 16, 261421),
(720, 16, 261468),
(724, 16, 261438),
(737, 16, 261448),
(738, 16, 261453),
(740, 16, 261456),
(743, 16, 261458),
(749, 16, 261421),
(751, 16, 261468),
(755, 16, 261438),
(768, 16, 261448),
(769, 17, 261453),
(771, 17, 261456),
(772, 17, 261472),
(773, 17, 261453),
(775, 17, 261456),
(776, 17, 261472),
(777, 17, 261453),
(779, 17, 261456),
(780, 17, 261472),
(781, 17, 261453),
(783, 17, 261456),
(784, 17, 261472),
(785, 17, 261453),
(787, 17, 261456),
(788, 17, 261472),
(789, 17, 261453),
(791, 17, 261456),
(792, 17, 261472),
(793, 17, 261453),
(795, 17, 261456),
(796, 17, 261472),
(797, 17, 261453),
(799, 17, 261456),
(800, 17, 261472),
(801, 17, 261453),
(803, 17, 261456),
(804, 17, 261472),
(805, 17, 261453),
(807, 17, 261456),
(808, 17, 261472),
(809, 17, 261453),
(811, 17, 261456),
(812, 17, 261472),
(813, 17, 261453),
(815, 17, 261456),
(816, 17, 261472),
(817, 17, 261453),
(819, 17, 261456),
(820, 17, 261472),
(821, 17, 261453),
(823, 17, 261456),
(824, 17, 261472),
(825, 17, 261453),
(827, 17, 261456),
(828, 17, 261472),
(829, 17, 261453),
(831, 17, 261456),
(832, 17, 261472),
(833, 17, 261453),
(835, 17, 261456),
(836, 17, 261472),
(837, 17, 261453),
(839, 17, 261456),
(840, 17, 261472),
(841, 17, 261453),
(843, 17, 261456),
(844, 17, 261472),
(845, 17, 261453),
(847, 17, 261456),
(848, 17, 261472),
(849, 17, 261453),
(851, 17, 261456),
(852, 17, 261472),
(853, 18, 261453),
(854, 18, 261407),
(855, 18, 261456),
(863, 18, 261404),
(864, 18, 261421),
(871, 18, 261434),
(872, 18, 261453),
(873, 18, 261407),
(874, 18, 261456),
(882, 18, 261404),
(883, 18, 261421),
(890, 18, 261434),
(891, 18, 261453),
(892, 18, 261407),
(893, 18, 261456),
(901, 18, 261404),
(902, 18, 261421),
(909, 18, 261434),
(910, 19, 261453),
(912, 19, 261456),
(915, 19, 261458),
(917, 19, 269451),
(920, 19, 261404),
(928, 19, 261434),
(940, 19, 261448),
(942, 19, 261457),
(943, 19, 261453),
(945, 19, 261456),
(948, 19, 261458),
(950, 19, 269451),
(953, 19, 261404),
(961, 19, 261434),
(973, 19, 261448),
(975, 19, 261457),
(976, 19, 261453),
(978, 19, 261456),
(981, 19, 261458),
(983, 19, 269451),
(986, 19, 261404),
(994, 19, 261434),
(1006, 19, 261448),
(1008, 19, 261457),
(1009, 19, 261453),
(1011, 19, 261456),
(1014, 19, 261458),
(1016, 19, 269451),
(1019, 19, 261404),
(1027, 19, 261434),
(1039, 19, 261448),
(1041, 19, 261457),
(1042, 19, 261453),
(1044, 19, 261456),
(1047, 19, 261458),
(1049, 19, 269451),
(1052, 19, 261404),
(1060, 19, 261434),
(1072, 19, 261448),
(1074, 19, 261457),
(1075, 19, 261453),
(1077, 19, 261456),
(1080, 19, 261458),
(1082, 19, 269451),
(1085, 19, 261404),
(1093, 19, 261434),
(1105, 19, 261448),
(1107, 19, 261457),
(1108, 19, 261453),
(1110, 19, 261456),
(1113, 19, 261458),
(1115, 19, 269451),
(1118, 19, 261404),
(1126, 19, 261434),
(1138, 19, 261448),
(1140, 19, 261457),
(1141, 19, 261453),
(1143, 19, 261456),
(1146, 19, 261458),
(1148, 19, 269451),
(1151, 19, 261404),
(1159, 19, 261434),
(1171, 19, 261448),
(1173, 19, 261457),
(1174, 19, 261453),
(1176, 19, 261456),
(1179, 19, 261458),
(1181, 19, 269451),
(1184, 19, 261404),
(1192, 19, 261434),
(1204, 19, 261448),
(1206, 19, 261457),
(1207, 19, 261453),
(1209, 19, 261456),
(1212, 19, 261458),
(1214, 19, 269451),
(1217, 19, 261404),
(1225, 19, 261434),
(1237, 19, 261448),
(1239, 19, 261457),
(1258, 20, 261434),
(1268, 20, 261430),
(1270, 20, 261448),
(1273, 20, 2),
(1278, 20, 269462),
(1279, 21, 261453),
(1281, 21, 261456),
(1284, 21, 261458),
(1289, 21, 261404),
(1290, 21, 261421),
(1294, 21, 269430),
(1295, 21, 261453),
(1297, 21, 261456),
(1300, 21, 261458),
(1305, 21, 261404),
(1306, 21, 261421),
(1310, 21, 269430),
(1311, 21, 261453),
(1313, 21, 261456),
(1316, 21, 261458),
(1321, 21, 261404),
(1322, 21, 261421),
(1326, 21, 269430),
(1327, 21, 261453),
(1329, 21, 261456),
(1332, 21, 261458),
(1337, 21, 261404),
(1338, 21, 261421),
(1342, 21, 269430),
(1343, 21, 261453),
(1345, 21, 261456),
(1348, 21, 261458),
(1353, 21, 261404),
(1354, 21, 261421),
(1358, 21, 269430),
(1359, 21, 261453),
(1361, 21, 261456),
(1364, 21, 261458),
(1369, 21, 261404),
(1370, 21, 261421),
(1374, 21, 269430),
(1375, 21, 261453),
(1377, 21, 261456),
(1380, 21, 261458),
(1385, 21, 261404),
(1386, 21, 261421),
(1390, 21, 269430),
(1391, 21, 261453),
(1393, 21, 261456),
(1396, 21, 261458),
(1401, 21, 261404),
(1402, 21, 261421),
(1406, 21, 269430),
(1407, 24, 261453),
(1408, 24, 261407),
(1409, 24, 261456),
(1410, 24, 261472),
(1417, 24, 261404),
(1424, 24, 261438),
(1429, 24, 261447),
(1430, 24, 261453),
(1431, 24, 261407),
(1432, 24, 261456),
(1433, 24, 261472),
(1440, 24, 261404),
(1447, 24, 261438),
(1452, 24, 261447),
(1453, 24, 261453),
(1454, 24, 261407),
(1455, 24, 261456),
(1456, 24, 261472),
(1463, 24, 261404),
(1470, 24, 261438),
(1475, 24, 261447),
(1476, 24, 261453),
(1477, 24, 261407),
(1478, 24, 261456),
(1479, 24, 261472),
(1486, 24, 261404),
(1493, 24, 261438),
(1498, 24, 261447),
(1499, 24, 261453),
(1500, 24, 261407),
(1501, 24, 261456),
(1502, 24, 261472),
(1509, 24, 261404),
(1516, 24, 261438),
(1521, 24, 261447),
(1522, 24, 261453),
(1523, 24, 261407),
(1524, 24, 261456),
(1525, 24, 261472),
(1532, 24, 261404),
(1539, 24, 261438),
(1544, 24, 261447),
(1545, 24, 261453),
(1546, 24, 261407),
(1547, 24, 261456),
(1548, 24, 261472),
(1555, 24, 261404),
(1562, 24, 261438),
(1567, 24, 261447),
(1568, 24, 261453),
(1569, 24, 261407),
(1570, 24, 261456),
(1571, 24, 261472),
(1578, 24, 261404),
(1585, 24, 261438),
(1590, 24, 261447),
(1591, 24, 261453),
(1592, 24, 261407),
(1593, 24, 261456),
(1594, 24, 261472),
(1601, 24, 261404),
(1608, 24, 261438),
(1613, 24, 261447),
(1614, 24, 261453),
(1615, 24, 261407),
(1616, 24, 261456),
(1617, 24, 261472),
(1624, 24, 261404),
(1631, 24, 261438),
(1636, 24, 261447),
(1637, 24, 261453),
(1638, 24, 261407),
(1639, 24, 261456),
(1640, 24, 261472),
(1647, 24, 261404),
(1654, 24, 261438),
(1659, 24, 261447),
(1660, 24, 261453),
(1661, 24, 261407),
(1662, 24, 261456),
(1663, 24, 261472),
(1670, 24, 261404),
(1677, 24, 261438),
(1682, 24, 261447),
(1683, 24, 261453),
(1684, 24, 261407),
(1685, 24, 261456),
(1686, 24, 261472),
(1693, 24, 261404),
(1700, 24, 261438),
(1705, 24, 261447),
(1706, 24, 261453),
(1707, 24, 261407),
(1708, 24, 261456),
(1709, 24, 261472),
(1716, 24, 261404),
(1723, 24, 261438),
(1728, 24, 261447),
(1729, 24, 261453),
(1730, 24, 261407),
(1731, 24, 261456),
(1732, 24, 261472),
(1739, 24, 261404),
(1746, 24, 261438),
(1751, 24, 261447),
(1752, 24, 261453),
(1753, 24, 261407),
(1754, 24, 261456),
(1755, 24, 261472),
(1762, 24, 261404),
(1769, 24, 261438),
(1774, 24, 261447),
(1775, 24, 261453),
(1776, 24, 261407),
(1777, 24, 261456),
(1778, 24, 261472),
(1785, 24, 261404),
(1792, 24, 261438),
(1797, 24, 261447),
(1798, 24, 261453),
(1799, 24, 261407),
(1800, 24, 261456),
(1801, 24, 261472),
(1808, 24, 261404),
(1815, 24, 261438),
(1820, 24, 261447),
(1821, 24, 261453),
(1822, 24, 261407),
(1823, 24, 261456),
(1824, 24, 261472),
(1831, 24, 261404),
(1838, 24, 261438),
(1843, 24, 261447),
(1844, 24, 261453),
(1845, 24, 261407),
(1846, 24, 261456),
(1847, 24, 261472),
(1854, 24, 261404),
(1861, 24, 261438),
(1866, 24, 261447),
(1867, 24, 261453),
(1868, 24, 261407),
(1869, 24, 261456),
(1870, 24, 261472),
(1877, 24, 261404),
(1884, 24, 261438),
(1889, 24, 261447),
(1890, 24, 261453),
(1891, 24, 261407),
(1892, 24, 261456),
(1893, 24, 261472),
(1900, 24, 261404),
(1907, 24, 261438),
(1912, 24, 261447),
(1913, 24, 261453),
(1914, 24, 261407),
(1915, 24, 261456),
(1916, 24, 261472),
(1923, 24, 261404),
(1930, 24, 261438),
(1935, 24, 261447),
(1936, 24, 261453),
(1937, 24, 261407),
(1938, 24, 261456),
(1939, 24, 261472),
(1946, 24, 261404),
(1953, 24, 261438),
(1958, 24, 261447),
(1959, 24, 261453),
(1960, 24, 261407),
(1961, 24, 261456),
(1962, 24, 261472),
(1969, 24, 261404),
(1976, 24, 261438),
(1981, 24, 261447),
(1982, 24, 261453),
(1983, 24, 261407),
(1984, 24, 261456),
(1985, 24, 261472),
(1992, 24, 261404),
(1999, 24, 261438),
(2004, 24, 261447),
(2005, 24, 261453),
(2006, 24, 261407),
(2007, 24, 261456),
(2008, 24, 261472),
(2015, 24, 261404),
(2022, 24, 261438),
(2027, 24, 261447),
(2028, 24, 261453),
(2029, 24, 261407),
(2030, 24, 261456),
(2031, 24, 261472),
(2038, 24, 261404),
(2045, 24, 261438),
(2050, 24, 261447),
(2051, 24, 261453),
(2052, 24, 261407),
(2053, 24, 261456),
(2054, 24, 261472),
(2061, 24, 261404),
(2068, 24, 261438),
(2073, 24, 261447),
(2074, 24, 261453),
(2075, 24, 261407),
(2076, 24, 261456),
(2077, 24, 261472),
(2084, 24, 261404),
(2091, 24, 261438),
(2096, 24, 261447),
(2097, 24, 261453),
(2098, 24, 261407),
(2099, 24, 261456),
(2100, 24, 261472),
(2107, 24, 261404),
(2114, 24, 261438),
(2119, 24, 261447),
(2120, 24, 261453),
(2121, 24, 261407),
(2122, 24, 261456),
(2123, 24, 261472),
(2130, 24, 261404),
(2137, 24, 261438),
(2142, 24, 261447),
(2143, 24, 261453),
(2144, 24, 261407),
(2145, 24, 261456),
(2146, 24, 261472),
(2153, 24, 261404),
(2160, 24, 261438),
(2165, 24, 261447),
(2166, 24, 261453),
(2167, 24, 261407),
(2168, 24, 261456),
(2169, 24, 261472),
(2176, 24, 261404),
(2183, 24, 261438),
(2188, 24, 261447),
(2189, 24, 261453),
(2190, 24, 261407),
(2191, 24, 261456),
(2192, 24, 261472),
(2199, 24, 261404),
(2206, 24, 261438),
(2211, 24, 261447),
(2212, 24, 261453),
(2213, 24, 261407),
(2214, 24, 261456),
(2215, 24, 261472),
(2222, 24, 261404),
(2229, 24, 261438),
(2234, 24, 261447),
(2235, 24, 261453),
(2236, 24, 261407),
(2237, 24, 261456),
(2238, 24, 261472),
(2245, 24, 261404),
(2252, 24, 261438),
(2257, 24, 261447),
(2258, 24, 261453),
(2259, 24, 261407),
(2260, 24, 261456),
(2261, 24, 261472),
(2268, 24, 261404),
(2275, 24, 261438),
(2280, 24, 261447),
(2281, 24, 261453),
(2282, 24, 261407),
(2283, 24, 261456),
(2284, 24, 261472),
(2291, 24, 261404),
(2298, 24, 261438),
(2303, 24, 261447),
(2304, 24, 261453),
(2305, 24, 261407),
(2306, 24, 261456),
(2307, 24, 261472),
(2314, 24, 261404),
(2321, 24, 261438),
(2326, 24, 261447),
(2327, 24, 261453),
(2328, 24, 261407),
(2329, 24, 261456),
(2330, 24, 261472),
(2337, 24, 261404),
(2344, 24, 261438),
(2349, 24, 261447),
(2350, 24, 261453),
(2351, 24, 261407),
(2352, 24, 261456),
(2353, 24, 261472),
(2360, 24, 261404),
(2367, 24, 261438),
(2372, 24, 261447),
(2373, 24, 261453),
(2374, 24, 261407),
(2375, 24, 261456),
(2376, 24, 261472),
(2383, 24, 261404),
(2390, 24, 261438),
(2395, 24, 261447),
(2396, 24, 261453),
(2397, 24, 261407),
(2398, 24, 261456),
(2399, 24, 261472),
(2406, 24, 261404),
(2413, 24, 261438),
(2418, 24, 261447),
(2419, 24, 261453),
(2420, 24, 261407),
(2421, 24, 261456),
(2422, 24, 261472),
(2429, 24, 261404),
(2436, 24, 261438),
(2441, 24, 261447),
(2442, 24, 261453),
(2443, 24, 261407),
(2444, 24, 261456),
(2445, 24, 261472),
(2452, 24, 261404),
(2459, 24, 261438),
(2464, 24, 261447),
(2465, 24, 261453),
(2466, 24, 261407),
(2467, 24, 261456),
(2468, 24, 261472),
(2475, 24, 261404),
(2482, 24, 261438),
(2487, 24, 261447),
(2488, 24, 261453),
(2489, 24, 261407),
(2490, 24, 261456),
(2491, 24, 261472),
(2498, 24, 261404),
(2505, 24, 261438),
(2510, 24, 261447),
(2511, 24, 261453),
(2512, 24, 261407),
(2513, 24, 261456),
(2514, 24, 261472),
(2521, 24, 261404),
(2528, 24, 261438),
(2533, 24, 261447),
(2534, 24, 261453),
(2535, 24, 261407),
(2536, 24, 261456),
(2537, 24, 261472),
(2544, 24, 261404),
(2551, 24, 261438),
(2556, 24, 261447),
(2557, 24, 261453),
(2558, 24, 261407),
(2559, 24, 261456),
(2560, 24, 261472),
(2567, 24, 261404),
(2574, 24, 261438),
(2579, 24, 261447),
(2580, 24, 261453),
(2581, 24, 261407),
(2582, 24, 261456),
(2583, 24, 261472),
(2590, 24, 261404),
(2597, 24, 261438),
(2602, 24, 261447),
(2603, 24, 261453),
(2604, 24, 261407),
(2605, 24, 261456),
(2606, 24, 261472),
(2613, 24, 261404),
(2620, 24, 261438),
(2625, 24, 261447),
(2626, 24, 261453),
(2627, 24, 261407),
(2628, 24, 261456),
(2629, 24, 261472),
(2636, 24, 261404),
(2643, 24, 261438),
(2648, 24, 261447),
(2649, 24, 261453),
(2650, 24, 261407),
(2651, 24, 261456),
(2652, 24, 261472),
(2659, 24, 261404),
(2666, 24, 261438),
(2671, 24, 261447),
(2672, 24, 261453),
(2673, 24, 261407),
(2674, 24, 261456),
(2675, 24, 261472),
(2682, 24, 261404),
(2689, 24, 261438),
(2694, 24, 261447),
(2695, 24, 261453),
(2696, 24, 261407),
(2697, 24, 261456),
(2698, 24, 261472),
(2705, 24, 261404),
(2712, 24, 261438),
(2717, 24, 261447),
(2718, 24, 261453),
(2719, 24, 261407),
(2720, 24, 261456),
(2721, 24, 261472),
(2728, 24, 261404),
(2735, 24, 261438),
(2740, 24, 261447),
(2741, 24, 261453),
(2742, 24, 261407),
(2743, 24, 261456),
(2744, 24, 261472),
(2751, 24, 261404),
(2758, 24, 261438),
(2763, 24, 261447),
(2764, 24, 261453),
(2765, 24, 261407),
(2766, 24, 261456),
(2767, 24, 261472),
(2774, 24, 261404),
(2781, 24, 261438),
(2786, 24, 261447),
(2787, 24, 261453),
(2788, 24, 261407),
(2789, 24, 261456),
(2790, 24, 261472),
(2797, 24, 261404),
(2804, 24, 261438),
(2809, 24, 261447),
(2810, 24, 261453),
(2811, 24, 261407),
(2812, 24, 261456),
(2813, 24, 261472),
(2820, 24, 261404),
(2827, 24, 261438),
(2832, 24, 261447),
(2833, 24, 261453),
(2834, 24, 261407),
(2835, 24, 261456),
(2836, 24, 261472),
(2843, 24, 261404),
(2850, 24, 261438),
(2855, 24, 261447),
(2856, 24, 261453),
(2857, 24, 261407),
(2858, 24, 261456),
(2859, 24, 261472),
(2866, 24, 261404),
(2873, 24, 261438),
(2878, 24, 261447),
(2879, 24, 261453),
(2880, 24, 261407),
(2881, 24, 261456),
(2882, 24, 261472),
(2889, 24, 261404),
(2896, 24, 261438),
(2901, 24, 261447),
(2902, 24, 261453),
(2903, 24, 261407),
(2904, 24, 261456),
(2905, 24, 261472),
(2912, 24, 261404),
(2919, 24, 261438),
(2924, 24, 261447),
(2925, 24, 261453),
(2926, 24, 261407),
(2927, 24, 261456),
(2928, 24, 261472),
(2935, 24, 261404),
(2942, 24, 261438),
(2947, 24, 261447),
(2948, 24, 261453),
(2949, 24, 261407),
(2950, 24, 261456),
(2951, 24, 261472),
(2958, 24, 261404),
(2965, 24, 261438),
(2970, 24, 261447),
(2971, 24, 261453),
(2972, 24, 261407),
(2973, 24, 261456),
(2974, 24, 261472),
(2981, 24, 261404),
(2988, 24, 261438),
(2993, 24, 261447),
(2994, 24, 261453),
(2995, 24, 261407),
(2996, 24, 261456),
(2997, 24, 261472),
(3004, 24, 261404),
(3011, 24, 261438),
(3016, 24, 261447),
(3017, 24, 261453),
(3018, 24, 261407),
(3019, 24, 261456),
(3020, 24, 261472),
(3027, 24, 261404),
(3034, 24, 261438),
(3039, 24, 261447),
(3040, 24, 261453),
(3041, 24, 261407),
(3042, 24, 261456),
(3043, 24, 261472),
(3050, 24, 261404),
(3057, 24, 261438),
(3062, 24, 261447),
(3063, 24, 261453),
(3064, 24, 261407),
(3065, 24, 261456),
(3066, 24, 261472),
(3073, 24, 261404),
(3080, 24, 261438),
(3085, 24, 261447),
(3086, 24, 261453),
(3087, 24, 261407),
(3088, 24, 261456),
(3089, 24, 261472),
(3096, 24, 261404),
(3103, 24, 261438),
(3108, 24, 261447),
(3109, 24, 261453),
(3110, 24, 261407),
(3111, 24, 261456),
(3112, 24, 261472),
(3119, 24, 261404),
(3126, 24, 261438),
(3131, 24, 261447),
(3132, 24, 261453),
(3133, 24, 261407),
(3134, 24, 261456),
(3135, 24, 261472),
(3142, 24, 261404),
(3149, 24, 261438),
(3154, 24, 261447),
(3155, 24, 261453),
(3156, 24, 261407),
(3157, 24, 261456),
(3158, 24, 261472),
(3165, 24, 261404),
(3172, 24, 261438),
(3177, 24, 261447),
(3178, 24, 261453),
(3179, 24, 261407),
(3180, 24, 261456),
(3181, 24, 261472),
(3188, 24, 261404),
(3195, 24, 261438),
(3200, 24, 261447),
(3201, 24, 261453),
(3202, 24, 261407),
(3203, 24, 261456),
(3204, 24, 261472),
(3211, 24, 261404),
(3218, 24, 261438),
(3223, 24, 261447),
(3224, 24, 261453),
(3225, 24, 261407),
(3226, 24, 261456),
(3227, 24, 261472),
(3234, 24, 261404),
(3241, 24, 261438),
(3246, 24, 261447),
(3247, 24, 261453),
(3248, 24, 261407),
(3249, 24, 261456),
(3250, 24, 261472),
(3257, 24, 261404),
(3264, 24, 261438),
(3269, 24, 261447),
(3270, 24, 261453),
(3271, 24, 261407),
(3272, 24, 261456),
(3273, 24, 261472),
(3280, 24, 261404),
(3287, 24, 261438),
(3292, 24, 261447),
(3293, 24, 261453),
(3294, 24, 261407),
(3295, 24, 261456),
(3296, 24, 261472),
(3303, 24, 261404),
(3310, 24, 261438),
(3315, 24, 261447),
(3316, 24, 261453),
(3317, 24, 261407),
(3318, 24, 261456),
(3319, 24, 261472),
(3326, 24, 261404),
(3333, 24, 261438),
(3338, 24, 261447),
(3339, 24, 261453),
(3340, 24, 261407),
(3341, 24, 261456),
(3342, 24, 261472),
(3349, 24, 261404),
(3356, 24, 261438),
(3361, 24, 261447),
(3362, 24, 261453),
(3363, 24, 261407),
(3364, 24, 261456),
(3365, 24, 261472),
(3372, 24, 261404),
(3379, 24, 261438),
(3384, 24, 261447),
(3385, 24, 261453),
(3386, 24, 261407),
(3387, 24, 261456),
(3388, 24, 261472),
(3395, 24, 261404),
(3402, 24, 261438),
(3407, 24, 261447),
(3408, 24, 261453),
(3409, 24, 261407),
(3410, 24, 261456),
(3411, 24, 261472),
(3418, 24, 261404),
(3425, 24, 261438),
(3430, 24, 261447),
(3431, 24, 261453),
(3432, 24, 261407),
(3433, 24, 261456),
(3434, 24, 261472),
(3441, 24, 261404),
(3448, 24, 261438),
(3453, 24, 261447),
(3454, 24, 261453),
(3455, 24, 261407),
(3456, 24, 261456),
(3457, 24, 261472),
(3464, 24, 261404),
(3471, 24, 261438),
(3476, 24, 261447),
(3477, 24, 261453),
(3478, 24, 261407),
(3479, 24, 261456),
(3480, 24, 261472),
(3487, 24, 261404),
(3494, 24, 261438),
(3499, 24, 261447),
(3500, 24, 261453),
(3501, 24, 261407),
(3502, 24, 261456),
(3503, 24, 261472),
(3510, 24, 261404),
(3517, 24, 261438),
(3522, 24, 261447),
(3523, 24, 261453),
(3524, 24, 261407),
(3525, 24, 261456),
(3526, 24, 261472),
(3533, 24, 261404),
(3540, 24, 261438),
(3545, 24, 261447),
(3546, 24, 261453),
(3547, 24, 261407),
(3548, 24, 261456),
(3549, 24, 261472),
(3556, 24, 261404),
(3563, 24, 261438),
(3568, 24, 261447),
(3578, 25, 6),
(3591, 25, 261447),
(3607, 25, 269462),
(3609, 25, 261449),
(3610, 25, 261469),
(3620, 25, 6),
(3633, 25, 261447),
(3649, 25, 269462),
(3651, 25, 261449),
(3652, 25, 261469),
(3662, 25, 6),
(3675, 25, 261447),
(3691, 25, 269462),
(3693, 25, 261449),
(3694, 25, 261469),
(3704, 25, 6),
(3717, 25, 261447),
(3733, 25, 269462),
(3735, 25, 261449),
(3736, 25, 261469),
(3746, 25, 6),
(3759, 25, 261447),
(3775, 25, 269462),
(3777, 25, 261449),
(3778, 25, 261469),
(3788, 25, 6),
(3801, 25, 261447),
(3817, 25, 269462),
(3819, 25, 261449),
(3820, 25, 261469),
(3830, 25, 6),
(3843, 25, 261447),
(3859, 25, 269462),
(3861, 25, 261449),
(3862, 25, 261469),
(3872, 25, 6),
(3885, 25, 261447),
(3901, 25, 269462),
(3903, 25, 261449),
(3904, 25, 261469),
(3914, 25, 6),
(3927, 25, 261447),
(3943, 25, 269462),
(3945, 25, 261449),
(3946, 25, 261469),
(3956, 25, 6),
(3969, 25, 261447),
(3985, 25, 269462),
(3987, 25, 261449),
(3988, 25, 261469),
(3998, 25, 6),
(4011, 25, 261447),
(4027, 25, 269462),
(4029, 25, 261449),
(4030, 25, 261469),
(4040, 25, 6),
(4053, 25, 261447),
(4069, 25, 269462),
(4071, 25, 261449),
(4072, 25, 261469),
(4086, 26, 261468),
(4104, 26, 261446),
(4111, 26, 269462),
(4113, 26, 261449),
(4114, 26, 261469),
(4128, 26, 261468),
(4146, 26, 261446),
(4153, 26, 269462),
(4155, 26, 261449),
(4156, 26, 261469),
(4170, 26, 261468),
(4188, 26, 261446),
(4195, 26, 269462),
(4197, 26, 261449),
(4198, 26, 261469),
(4212, 26, 261468),
(4230, 26, 261446),
(4237, 26, 269462),
(4239, 26, 261449),
(4240, 26, 261469),
(4254, 26, 261468),
(4272, 26, 261446),
(4279, 26, 269462),
(4281, 26, 261449),
(4282, 26, 261469),
(4296, 26, 261468),
(4314, 26, 261446),
(4321, 26, 269462),
(4323, 26, 261449),
(4324, 26, 261469),
(4338, 26, 261468),
(4356, 26, 261446),
(4363, 26, 269462),
(4365, 26, 261449),
(4366, 26, 261469),
(4380, 26, 261468),
(4398, 26, 261446),
(4405, 26, 269462),
(4407, 26, 261449),
(4408, 26, 261469),
(4422, 26, 261468),
(4440, 26, 261446),
(4447, 26, 269462),
(4449, 26, 261449),
(4450, 26, 261469),
(4464, 26, 261468),
(4482, 26, 261446),
(4489, 26, 269462),
(4491, 26, 261449),
(4492, 26, 261469),
(4506, 26, 261468),
(4524, 26, 261446),
(4531, 26, 269462),
(4533, 26, 261449),
(4534, 26, 261469),
(4548, 26, 261468),
(4566, 26, 261446),
(4573, 26, 269462),
(4575, 26, 261449),
(4576, 26, 261469),
(4590, 26, 261468),
(4608, 26, 261446),
(4615, 26, 269462),
(4617, 26, 261449),
(4618, 26, 261469),
(4632, 26, 261468),
(4650, 26, 261446),
(4657, 26, 269462),
(4659, 26, 261449),
(4660, 26, 261469),
(4674, 26, 261468),
(4692, 26, 261446),
(4699, 26, 269462),
(4701, 26, 261449),
(4702, 26, 261469),
(4716, 26, 261468),
(4734, 26, 261446),
(4741, 26, 269462),
(4743, 26, 261449),
(4744, 26, 261469),
(4758, 26, 261468),
(4776, 26, 261446),
(4783, 26, 269462),
(4785, 26, 261449),
(4786, 26, 261469),
(4800, 26, 261468),
(4818, 26, 261446),
(4825, 26, 269462),
(4827, 26, 261449),
(4828, 26, 261469),
(4842, 26, 261468),
(4860, 26, 261446),
(4867, 26, 269462),
(4869, 26, 261449),
(4870, 26, 261469),
(4884, 26, 261468),
(4902, 26, 261446),
(4909, 26, 269462),
(4911, 26, 261449),
(4912, 26, 261469),
(4926, 26, 261468),
(4944, 26, 261446),
(4951, 26, 269462),
(4953, 26, 261449),
(4954, 26, 261469),
(4968, 26, 261468),
(4986, 26, 261446),
(4993, 26, 269462),
(4995, 26, 261449),
(4996, 26, 261469),
(5010, 26, 261468),
(5028, 26, 261446),
(5035, 26, 269462),
(5037, 26, 261449),
(5038, 26, 261469),
(5052, 26, 261468),
(5070, 26, 261446),
(5077, 26, 269462),
(5079, 26, 261449),
(5080, 26, 261469),
(5091, 27, 261404),
(5092, 27, 261421),
(5095, 27, 261424),
(5114, 27, 2),
(5125, 27, 261411),
(5141, 28, 269430),
(5144, 28, 261434),
(5145, 28, 269421),
(5150, 28, 269431),
(5156, 28, 261448),
(5164, 28, 269462),
(5166, 28, 261449),
(5182, 39, 269430),
(5189, 39, 261447),
(5190, 39, 261433),
(5194, 39, 261439),
(5195, 39, 261430),
(5196, 39, 261444),
(5198, 39, 261446),
(5202, 39, 3),
(5204, 39, 4),
(5207, 39, 261449),
(5223, 39, 269430),
(5230, 39, 261447),
(5231, 39, 261433),
(5235, 39, 261439),
(5236, 39, 261430),
(5237, 39, 261444),
(5239, 39, 261446),
(5243, 39, 3),
(5245, 39, 4),
(5248, 39, 261449),
(5264, 39, 269430),
(5271, 39, 261447),
(5272, 39, 261433),
(5276, 39, 261439),
(5277, 39, 261430),
(5278, 39, 261444),
(5280, 39, 261446),
(5284, 39, 3),
(5286, 39, 4),
(5289, 39, 261449),
(5299, 40, 6),
(5312, 40, 261447),
(5320, 40, 261448),
(5328, 40, 269462),
(5330, 40, 261449),
(5331, 40, 261469),
(5336, 41, 261479),
(5339, 41, 269451),
(5344, 41, 261414),
(5345, 41, 261468),
(5351, 41, 269421),
(5365, 41, 2),
(5369, 41, 4),
(5370, 41, 269462),
(5376, 41, 261411),
(5386, 42, 6),
(5399, 42, 261447),
(5407, 42, 261448),
(5415, 42, 269462),
(5417, 42, 261449),
(5418, 42, 261469),
(5419, 43, 261453),
(5420, 43, 261407),
(5453, 43, 261465),
(5462, 43, 261406),
(5463, 44, 261453),
(5470, 44, 269451),
(5474, 44, 261421),
(5497, 44, 261465),
(5504, 44, 261469),
(5506, 44, 261406),
(5507, 45, 261453),
(5509, 45, 261456),
(5512, 45, 261458),
(5515, 45, 261473),
(5529, 45, 261447),
(5550, 45, 261406),
(5556, 46, 261458),
(5589, 46, 269462),
(5591, 46, 261449),
(5592, 46, 261469),
(5594, 46, 261406),
(5595, 46, 261411),
(5600, 47, 261479),
(5606, 47, 261404),
(5607, 47, 261421),
(5629, 47, 2),
(5630, 47, 261465),
(5636, 49, 261458),
(5640, 49, 6),
(5641, 49, 261404),
(5669, 49, 269462),
(5674, 49, 261406),
(5675, 49, 261411),
(5678, 48, 261456),
(5681, 48, 261458),
(5684, 48, 261473),
(5685, 48, 6),
(5686, 48, 261404),
(5704, 48, 261430),
(5706, 48, 261448),
(5713, 48, 4),
(5717, 48, 261469),
(5723, 46, 261458),
(5756, 46, 269462),
(5758, 46, 261449),
(5759, 46, 261469),
(5761, 46, 261406),
(5762, 46, 261411),
(5764, 50, 261407),
(5765, 50, 261456),
(5768, 50, 261458),
(5772, 50, 6),
(5796, 50, 2),
(5797, 50, 261465),
(5803, 50, 261449),
(5809, 51, 261458),
(5812, 51, 261473),
(5814, 51, 261404),
(5815, 51, 261421),
(5822, 51, 261434),
(5837, 51, 2),
(5838, 52, 261453),
(5872, 52, 261465),
(5875, 52, 4),
(5876, 52, 269462),
(5878, 52, 261449),
(5879, 52, 261469),
(5890, 53, 261404),
(5894, 53, 261424),
(5895, 53, 269430),
(5898, 53, 261434),
(5899, 53, 269421),
(5903, 53, 261433),
(5904, 54, 261453),
(5905, 54, 261407),
(5906, 54, 261456),
(5909, 54, 261458),
(5913, 54, 6),
(5916, 54, 261414),
(5924, 54, 261470),
(5926, 54, 261447),
(5929, 54, 261471),
(5934, 54, 261448),
(5937, 55, 261456),
(5957, 55, 261447),
(5965, 55, 261448),
(5966, 55, 261446),
(5968, 55, 2),
(5976, 55, 261469),
(5981, 56, 261479),
(5982, 56, 261458),
(5986, 56, 6),
(5996, 56, 269421),
(5999, 56, 261447),
(6000, 56, 261433),
(6001, 56, 269431),
(6012, 56, 3),
(6014, 56, 4),
(6018, 57, 261472),
(6019, 57, 261479),
(6020, 57, 261458),
(6024, 57, 6),
(6037, 57, 261447),
(6038, 57, 261433),
(6039, 57, 269431),
(6053, 57, 269462),
(6055, 57, 261449),
(6060, 58, 261479),
(6065, 58, 6),
(6074, 58, 261434),
(6079, 58, 261433),
(6081, 58, 261471),
(6084, 58, 261430),
(6094, 58, 269462),
(6096, 58, 261449),
(6097, 58, 261469);

-- --------------------------------------------------------

--
-- Table structure for table `migrations`
--

CREATE TABLE `migrations` (
  `id` int(10) UNSIGNED NOT NULL,
  `migration` varchar(255) COLLATE utf8mb4_unicode_ci NOT NULL,
  `batch` int(11) NOT NULL
) ENGINE=InnoDB DEFAULT CHARSET=utf8mb4 COLLATE=utf8mb4_unicode_ci;

--
-- Dumping data for table `migrations`
--

INSERT INTO `migrations` (`id`, `migration`, `batch`) VALUES
(1, '2014_10_12_000000_create_users_table', 1),
(2, '2014_10_12_100000_create_password_resets_table', 1);

-- --------------------------------------------------------

--
-- Table structure for table `password_resets`
--

CREATE TABLE `password_resets` (
  `email` varchar(255) COLLATE utf8mb4_unicode_ci NOT NULL,
  `token` varchar(255) COLLATE utf8mb4_unicode_ci NOT NULL,
  `created_at` timestamp NULL DEFAULT NULL
) ENGINE=InnoDB DEFAULT CHARSET=utf8mb4 COLLATE=utf8mb4_unicode_ci;

-- --------------------------------------------------------

--
-- Table structure for table `personalitytype`
--

CREATE TABLE `personalitytype` (
  `ID_personal` int(11) NOT NULL,
  `title` text NOT NULL,
  `type` text NOT NULL,
  `description` text NOT NULL,
  `job` text NOT NULL
) ENGINE=InnoDB DEFAULT CHARSET=utf8;

--
-- Dumping data for table `personalitytype`
--

INSERT INTO `personalitytype` (`ID_personal`, `title`, `type`, `description`, `job`) VALUES
(1, 'The Duty Fulfiller : ผู้สำเร็จ', 'ISTJ', 'คุณเป็นคนที่คิดเป็นระบบ มุมานะ คุณสามารถทำงานให้ลุล่วงตามเวลาที่กำหนดได้ คุณ\r\nมุ่งมั่นและจริงใจกับทุกๆอย่างที่คุณทำ ทำงานเป็นระบบโดยไม่ได้ละเลยรายละเอียดเล็กๆ น้อยๆ ระมัดระวัง\r\nโดยพยายามยึดมั่นในหลักการ และคุณมีพรสวรรค์ในการจัดการ', 'นักธุรกิจ ข้าราชการ งานเกี่ยวกับการเงินหรือการศึกษา นัก\r\nกฏหมาย นิติกร ผู้พิพากษา นักเทคนิค โปรแกรมเมอร์ งานเกี่ยวกับด้านการแพทย์ นักบริหาร ทันตแพทย์\r\nตำรวจ นักสืบ ผู้ตรวจสอบบัญชี นักบัญชี ทหาร ผู้ปฏิบัติการทั่วไป นักเศรษฐศาสตร'),
(2, 'The Mechanic : ช่างเครื่อง', 'ISTP', 'คุณจัดการและปรับตัวเข้ากับสถานการณ์โดยประยุกต์ใช้เหตุผลและวิธีการที่เหมาะสม ตามสภาพ\r\nความเป็นจริง คุณตระหนักถึงสิ่งรอบตัวที่กำลังดำเนินไป และสามารถตอบสนองได้อย่างรวดเร็ว เพื่อให้\r\nผลลัพธ์ที่เกิดขึ้นเป็นผลดีต่อตัวคุณเอง', 'ช่างฝีมือ งานใช้กำลัง ช่างก่อสร้าง ช่างเครื่องยนต์ ผู้รักษาความปลอดภัย นักสถิติ เทคนิค ธุรกิจ/การเงิน การค้า เกษตรกร ช่างกล ช่างไฟฟ้า วิศวกร นักทันตอนามัย นักสืบราชการลับ'),
(3, 'The Nurturer : ผู้ดูแล', 'ISFJ', 'คุณเป็นคนที่เห็นอกเห็นใจผู้อื่น ยุติธรรม ซื่อตรง คุณชอบช่วยเหลือคนอื่น หากเขาต้องการความ\r\nช่วยเหลือ คุณเป็นคนง่ายๆ สบายๆ และ ชอบคนที่เงียบๆ ไม่ถือตัว ด้านการทำงาน คุณชอบจัดการให้ทุกอย่างเป็นไปอย่างเป็นระบบ หากมีเรื่องที่ไม่เรียบร้อย คุณพร้อมที่จะ\r\nกระโดดลงไปทำให้สำเร็จทันที คุณจะรู้สึกสบายใจก็ต่อเมื่องานนั้นลุล่วงแล้วเท่านั้น คุณมีแนวโน้มที่จะทำงานหนัก', 'ผู้จัดการ นักสืบ ตำรวจปฏิบัติการ ผู้บัญชาการตำรวจ\r\nครู ผู้พิพากษา นักบัญชี นักเศรษฐศาสตร์ นักธุรกิจ งานเกี่ยวกับด้านการแพทย์ เทคนิคการแพทย์ พยาบาล บรรณาธิการ บรรณารักษ์ นักตกแต่งภายใน เลขานุการ สังคมสงเคราะห์ งานวิจัยทางสังคมศาสตร์ งานสนับสนุนธุรกิจอื่นๆ เสมียน'),
(4, 'The Artist : ศิลปิน', 'ISFP', 'คุณเป็นคนที่เห็นอกเห็นใจผู้อื่น มีเมตตา เปิดเผย ใจดี อ่อนไหวง่าย อ่อนน้อมถ่อมตน คุณสนใจที่จะ\r\nเรียนรู้ในเรื่องที่เกี่ยวกับผู้คน สังคม ศิลปะ คุณมีความเป็นศิลปินอยู่ในตัว คุณไม่ชอบอยู่ใต้กฎเกณฑ์หรือ\r\nข้อบังคับใดๆ คุณเป็นคนสบายๆ ไม่รีบร้อน คุณสามารถหยุดสิ่งที่คุณกำลังทำอยู่ทุกอย่างได้ หากคุณอยากทำ\r\nอย่างอื่นมากกว่าขึ้นมา คุณชอบที่จะทำงานกับคนที่ให้ความร่วมมือดี คุณเชื่อมั่นในการทำงานเป็นทีม คุณชอบที่จะสนุกสนานกับชีวิต', 'นักดนตรี ครู ศิลปิน บรรณารักษ์ นักสังคมสงเคราะห์ ผู้แต่งเพลง นักเขียน งานฝีมือ สาธารณสุข เทคนิค บริการ งานเสมียน เสมียนพัสดุ พยาบาล ผู้ช่วยทันตแพทย์ นักบัญชี ช่างกล'),
(5, 'The Protector : ผู้ป้องกัน', 'INFJ', 'คุณเป็นคนที่มองไปในอนาคต ใช้ความรู้และความใฝ่ฝันของคุณในการพยายามเข้าใจตัวเองและเข้าถึงธรรมชาติของมนุษย์ งานที่คุณทำจะบ่งบอกถึงความซื่อสัตย์และมั่นคง และสะท้อนให้เห็นถึงอุดมการณ์ที่มีอยู่ในใจ การอยู่คนเดียวและได้ทำในสิ่งที่คุณต้องการมีความสำคัญต่อคุณ คุณเป็นคนที่มีความเมตตา และอยากให้ทุกคนปรองดองและสามัคคีกัน คุณพยายามอย่างที่สุดที่จะหลีกเลี่ยงการมีปัญหากับใคร', 'เสมียน นักจิตวิทยา จิตแพทย์ นักดนตรี นักเขียน นักสังคมสงเคราะห์ ครู แพทย์ ศิลปิน งานให้ค าปรึกษา งานธุรกิจ งานแนะแนวการศึกษา พระ นักนิเทศศาสตร์ ครูภาษา/ศิลปะ'),
(6, 'The Idealist : นักอุดมการณ์', 'INFP', 'คุณสนใจเกี่ยวกับคุณค่าของตัวเองและอุทิศชีวิตเพื่อไล่ตามอุดมการณ์ คุณมักจะชักนำคนอื่นๆมารวมกลุ่มกัน และหาหน้าที่รับผิดชอบให้แต่ละคนที่อยู่ในกลุ่ม คุณมีความคิดสร้างสรรค์และชอบมองหาไอเดีย และโอกาสใหม่ๆ คุณมักจะเป็นคนที่คอยผลักดันอย่างเงียบๆในสิ่งที่สำคัญ และคุณเป็นคนที่ไม่ยอมแพ้อะไรง่ายๆ คุณเป็นคนที่สุภาพและมีอารมณ์ขัน ซึ่งเป็นคุณสมบัติที่คงเป็นการยากหากคนอื่นๆจะมองข้ามคุณไป คุณชอบที่จะให้โลกเป็นไปตามเส้นที่คุณวางไว้ด้วยโลกทัศน์ที่สมบูรณ์แบบของคุณ', 'ครู นักดนตรี นักแต่งเพลง นักแสดง นักหนังสือพิมพ์ นักแปล นักจิตบำบัด นักวิจัยทางวิทยาศาสตร์ ศิลปิน งานเกี่ยวกับการสอน/ให้คำปรึกษา นักศาสนา งานพัฒนา\r\nองค์กร จิตแพทย์ นักจิตวิทยา นักเขียน บรรณาธิการ นักสังคมสงเคราะห์'),
(7, 'The Scientist : นักวิทยาศาสตร์', 'INTJ', 'คุณเป็นคนรักอิสระที่เข้มแข็ง ผู้ชอบแสวงหามุมมองใหม่ๆ ชื่นชอบการเข้าใจสิ่งใหม่ๆ มีความคิดล้ำลึก\r\nและมีความคิดฉับไว แต่คนอื่นๆไม่ค่อยได้มองเห็นความฉับไวนี้ของคุณ เพราะคุณมักจะเก็บงำไว้กับตัวเอง คุณ\r\nเป็นคนช่างคิดวิเคราะห์ เป็นเหตุเป็นผล และฉลาดทีเดียว คุณเป็นคนมีจิตใจแน่วแน่ และมักจะเชื่อวิสัยทัศน์ของคุณเองโดยไม่สนใจว่าคนอื่นจะคิดอย่างไร คุณเป็นคนรักอิสระมาก เงียบแต่มั่นคง ทำอะไรก็ต้องทำให้ดีที่สุด', 'นักวิทยาศาสตร์ นักคณิตศาสตร์ อาจารย์มหาวิทยาลัย วิศวกร แพทย์ โปรแกรมเมอร์ นักเศรษฐศาสตร์ นักประดิษฐ์ ผู้พิพากษา นักกฎหมายช่างเทคนิค สถาปนิก'),
(8, 'The Thinker : นักคิด', 'INTP', 'คุณเป็นนักต่อสู้เพื่อหาความสมบูรณ์เป็นเหตุเป็นผล คุณมีไฟแรงกล้าในการค้นหาความจริงและหลักการ คุณมักชอบถามคำถาม \"ทำไมล่ะ\" หรือ \"ทำไมไม่อย่างนี้ล่ะ\" คุณสามารถจดจ่ออยู่กับสิ่งที่คุณสนใจอย่างคร่ำเคร่ง คุณชอบขั้นตอนความคิดและการสื่อข้อความที่สละสลวยและมีประสิทธิภาพ ', 'นักวิทยาศาสตร์ สถาปนิก อาจารย์มหาวิทยาลัย แพทย์ นักเคมี นักกฎหมาย ครู นักชีววิทยา นักคณิตศาสตร์ นักคอมพิวเตอร์ วิศวกรออกแบบและพัฒนา งานเกี่ยวกับ\r\nสาธารณสุข/เทคนิคมืออาชีพ นักวิชาการ นักเขียน ศิลปิน นักสังคมวิทยา'),
(9, 'The Guardian : ผู้พิทักษ์', 'ESTJ', 'คุณชอบลุยงาน คุณอยากจะลงมือทำงานให้เสร็จ ไม่ชอบรีรอ คุณใช้เหตุผลและการวิเคราะห์เป็นกฎเกณฑ์ในการดำเนินชีวิตคุณ คุณตัดสินใจไวและมักจะวางแผนในการทำงาน คุณยึดมั่นต่อคำสัญญา เมื่อรับปากใครแล้วก็จะต้องทำให้ได้ คุณเป็นผู้นำตัวอย่าง คุณชอบให้คำแนะนำ คุณเป็นคนชอบจัดการ คุณชอบจะแก้ปัญหา คุณว่องไว ตรงไปตรงมาและเฉียบขาดในการเข้าถึงสถานการณ์ แต่บางคนอาจมองว่าคุณเป็นคนอึด แข็งกระด้าง มุทะลุ', 'นักลงทุน นักกีฬา นักแสดง ช่างเทคนิค นักบริหาร ครู \r\nผู้บริหารโรงเรียน แพทย์ผ่าตัด ช่างควบคุมโรงงาน \r\nนักกฏหมาย'),
(10, 'The Doer : ผู้กระทำ', 'ESTP', 'คุณเป็นคนชอบทำกิจกรรม เป็นคนมีเหตุผล อยู่ไม่ติดบ้านและเป็นคนที่อยู่ในโลกแห่งความจริง ในสถานการณ์ที่ต้องใช้ความสามารถหลายรูปแบบ คุณจะเป็นคนที่สามารถปรับเปลี่ยนตัวเองอย่างรวดเร็วเพื่อจะหาวิธีที่จะทำให้งานหรือภารกิจสำเร็จอย่างมีประสิทธิภาพ คุณเป็นคนสดใส มีชีวิตชีวา สนุกสนาน ชอบที่จะอยู่ในที่ที่มีกิจกรรม เพราะคุณชอบที่จะมีส่วนร่วมกับเหตุการณ์ คุณเป็นคนพูดตรงและไม่ระวังปาก คุณจะถนัดที่สุดในสถานการณ์ที่เกี่ยวกับเหตุการณ์ในปัจจุบันและคุณก็ถนัดที่จะจัดการอะไรโดยวิธีแบบมีหลักการตรงไปตรงมา', 'โปรแกรมเมอร์ นักวิเคราะห์ นักสถิติ วิศวกร นักแสดง ช่างไม้ ช่างกล ผู้ประพันธ์เพลง นักบิน นักกีฬา ศิลปิน นักลงทุน ข้าราชการ นักธุรกิจ นักการตลาด'),
(11, 'The Caregiver : นักใส่ใจ', 'ESFJ', 'คุณเป็นคนชอบช่วยเหลือผู้อื่นและให้ความสำคัญกับการปรองดองสามัคคี คุณให้ความสำคัญกับความต้องการของผู้อื่นและทำงานร่วมกับคนอื่นได้ดี งานมักจะเสร็จสิ้นตรงเวลาและถูกต้อง คุณเป็นคนทำตามความมั่นสัญญา คุณชอบอะไรที่เป็นขั้นเป็นตอนอย่างชัดเจน มีการเริ่มต้นและมีการเสร็จสิ้น คุณชอบสถานการณ์ที่เป็นมิตร อบอุ่น และเต็มไปด้วยความจริงใจ คุณถนัดในการจัดคนให้ทำงานเสร็จ', 'พยาบาล ครูประถม นักบัญชี นักเศรษฐศาสตร์ เลขานุการ นักกายภาพบำบัด เจ้าหน้าที่การบิน ผู้ทำงานด้านสุขภาพ ผู้ทำงานธนาคาร นักสังคมสงเคราะห์ เสมียน ผู้ช่วยแพทย์ แม่บ้าน ช่างเสริมสวย'),
(12, 'The Performer : นักแสดง', 'ESFP', 'คุณเป็นคนรักสนุกและชอบพบปะผู้คน คุณเป็นคนกระตือรือร้นและร่าเริง เป็นที่รักของคนอื่น คุณมีความสามารถในการทำให้คนอื่นสนุกสนาน คุณเป็นคนเห็นใจคนอื่น และชอบเอื้อเฟื้อเผื่อแผ่ไม่ว่าจะเป็นเงินหรือเวลา คุณจะมาเมื่อคนอื่นต้องการความช่วยเหลือ และคุณจะมีมุมมองที่พิเศษกว่าใครๆ คุณตระหนักถึงสิ่งต่างๆรอบตัว และสังเกตเห็นในสิ่งที่คนอื่นมองข้าม คุณเป็นคนดังและชอบเข้าสังคม คุณชอบจัดแจงให้มีกิจกรรมต่างๆ ', 'ครูอนุบาล ครูประถม ผู้ดูแลเด็ก นักสังคมสงเคราะห์ ผู้แต่งเพลง นักเขียน งานเกี่ยวกับสาธารณสุข นักธุรกิจ งานประชาสัมพันธ์ นักขาย ครูฝึกสุนัข'),
(13, 'The Giver : ผู้ให้', 'ENFJ', 'คุณเป็นคนสดใส มีวิสัยทัศน์ ทั้งโอบอ้อมอารีและกระตือรือร้นที่จะช่วยคนอื่นให้ได้ในสิ่งที่เขาแสวงหา คุณรู้ถึงความฝันของคนรอบข้าง และพยายามที่จะคิดวางแผนช่วย ให้ความฝันของพวกเขาเป็นจริง คุณเป็นคนซื่อสัตย์ต่ออุดมการณ์ของคุณ และต่อคนที่คุณรักหรือเคารพ คุณชอบที่จะเป็นหัวหน้าทีม และมักจะคะยั้นคะยอให้ทุกคนร่วมมือกัน คุณจะมีอุดมการณ์และคุณทำงานได้ดีที่สุดเวลาที่ทุกคนร่วมใจกันทำงาน คุณชอบให้งานของคุณมีความชัดเจนและเป็นระบบ', 'นักจิตวิทยา ครู นักสังคมสงเคราะห์ นักการเมือง นักการทูต ผู้ให้คำปรึกษา นักเขียน นักธุรกิจ นักแสดง นักเขียน ศิลปิน'),
(14, 'The Inspirer : ผู้ที่มีแรงบันดาลใจ', 'ENFP', 'คุณเป็นนักริเริ่ม สร้างสรรค์ความเปลี่ยนแปลง คุณมักจะสังเกตเห็นโอกาสหรือช่องทางใหม่ คุณเต็มไปด้วยชีวิตชีวา และมักจะทำให้คนใกล้เคียงมีชีวิตชีวาไปด้วย คุณไม่เคยเหนื่อยกับการค้นพบสิ่งใหม่ที่คุณมีความสนใจ คุณเป็นคนที่คาดเดาได้ว่าใครต้องการอะไรและจะช่วยให้พวกเขาได้สิ่งนั้น', 'นักลงทุน นักจิตวิทยา นักเขียน นักหนังสือพิมพ์ นักการเมือง นักวิทยาศาสตร์ วิศวกร นักการตลาด นักสังคมสงเคราะห์ ธุรกิจส่วนตัว ที่ปรีกษาสถานฟื้นฟู ครู ศิลปะ/การแสดง ศิลปิน นักแสดง นักจิตวิทยา'),
(15, 'The Executive : ผู้บริหาร', 'ENTJ', 'คุณชอบเป็นตัวโต้โผในการจัดการ และชอบแก้ปัญหาอย่างตรงประเด็น โดยเฉพาะในสถานการณ์ที่มีความสับสน หรือไม่มีประสิทธิภาพ คุณมักจะวางแผนงานอย่างเป็นขั้นเป็นตอนโดยเน้นกิจกรรมที่ต้องทำคุณจะเป็นคนที่ช่วยกระตุ้นให้คนอื่นทำงานและทำให้งานลุล่วงไปด้วยดี คุณชอบจัดการและรักที่จะจัดระเบียบให้กับโลกภายนอกด้วย คุณไม่รับคำปฏิเสธจากใคร และแสนจะหัวดื้อ', 'นักบริหารในองค์กร นักวิทยาศาสตร์ โปรแกรมเมอร์ นักกฎหมายผู้พิพากษา นักลงทุน อาจารย์มหาวิทยาลัย นักธุรกิจ'),
(16, 'The Visionary : ผู้มีวิสัยทัศนผู้บริหาร', 'ENTP', 'คุณชอบวิ่งไล่ตามสิ่งใหม่ๆหรือสิ่งที่ซับซ้อน คุณเชื่อในความสามารถของคุณว่าจะสามารถเอาชนะอุปสรรคทั้งหลายได้ คุณรักอิสระมาก คุณให้ความสำคัญกับการปรับตัวและการสร้างสรรค์สิ่งใหม่ๆ คุณส่งเสริมและให้ความสำคัญต่อการเปลี่ยนแปลง คุณต้องการโอกาสในการแสดงออก ต่อต้านระบบระเบียบต่างๆ คุณจะผลักดันโครงการของคุณอย่างสุดฤทธิ์ คุณสามารถโต้แย้งและหาข้อผิดพลาดของคนอื่นได้ในทุกสถานการณ์', 'นักวิจัยด้านวิทยาศาสตร์ โปรแกรมเมอร์ นักกฎหมาย นักออกแบบซอฟต์แวร์ อาจารย์มหาวิทยาลัย นักประดิษฐ์ วิศวกร นักลงทุน ช่างภาพ นักแสดง ตัวแทนฝ่ายขาย นายหน้าอสังหาริมทรัพย์ นักการเมือง นักการตลาด ธุรกิจส่วนตัว นักวางแผนและพัฒนา ช่างภาพ');

-- --------------------------------------------------------

--
-- Table structure for table `predictjob`
--

CREATE TABLE `predictjob` (
  `ID_predictJob` int(11) NOT NULL,
  `ID_result` int(11) NOT NULL,
  `ID_job` int(11) DEFAULT NULL
) ENGINE=InnoDB DEFAULT CHARSET=utf8;

-- --------------------------------------------------------

--
-- Table structure for table `result`
--

CREATE TABLE `result` (
  `ID_result` int(11) NOT NULL,
  `ID_user` int(11) NOT NULL,
  `personality` varchar(45) NOT NULL,
  `predictJob` text NOT NULL DEFAULT 'ยังไม่มีข้อมูล',
  `jobPart` text NOT NULL DEFAULT 'ยังไม่มีข้อมูล'
) ENGINE=InnoDB DEFAULT CHARSET=utf8;

--
-- Dumping data for table `result`
--

INSERT INTO `result` (`ID_result`, `ID_user`, `personality`, `predictJob`, `jobPart`) VALUES
(1, 1, 'ESTJ', 'no data', 'no data'),
(2, 3, 'ISFJ', 'no data', 'no data'),
(3, 3, 'ISFJ', 'no data', 'no data'),
(4, 3, 'ISFJ', 'no data', 'no data'),
(5, 3, 'ISFJ', 'no data', 'no data'),
(6, 3, 'ISFJ', 'no data', 'no data'),
(7, 3, 'ISFJ', 'no data', 'no data'),
(8, 3, 'ISFJ', 'no data', 'no data'),
(9, 3, 'ISFJ', 'no data', 'no data'),
(10, 3, 'ISFJ', 'no data', 'no data'),
(11, 3, 'ISFJ', 'no data', 'no data'),
(12, 3, 'ISFJ', 'no data', 'no data'),
(13, 3, 'ISFJ', 'no data', 'no data'),
(14, 3, 'ISFJ', 'no data', 'no data'),
(15, 3, 'ISFJ', 'no data', 'no data'),
(16, 3, 'ISFJ', 'no data', 'no data'),
(17, 3, 'ISFJ', 'no data', 'no data'),
(18, 3, 'ISFJ', 'Illustration', 'no data'),
(19, 4, 'INTP', 'CTO (หัวหน้าเจ้าหน้าที่เทคโนโลยี)', 'no data'),
(20, 5, 'ESFP', 'Cloud Engineer ', 'IT Consultant'),
(21, 5, 'ESTJ', 'no data', 'no data'),
(22, 5, 'ESTJ', 'no data', 'no data'),
(23, 5, 'ESTJ', 'no data', 'no data'),
(24, 6, 'ESTJ', 'no data', 'no data'),
(25, 8, 'ISTP', 'no data', 'no data'),
(26, 9, 'ISTJ', 'อาจารย์', 'สายผู้สอนหลักสูตรไอที / ฝึกอบรมด้านไอที'),
(27, 10, 'ESFJ', 'DevOps Engineering', 'Cyber Security, Developing Website, IT management'),
(28, 10, 'ESTP', 'no data', 'no data'),
(29, 10, 'INFP', 'ยังไม่มีข้อมูล', 'ยังไม่มีข้อมูล'),
(30, 10, 'INFP', 'ยังไม่มีข้อมูล', 'ยังไม่มีข้อมูล'),
(31, 10, 'INFP', 'ยังไม่มีข้อมูล', 'ยังไม่มีข้อมูล'),
(32, 10, 'INFP', 'ยังไม่มีข้อมูล', 'ยังไม่มีข้อมูล'),
(33, 10, 'INFP', 'ยังไม่มีข้อมูล', 'ยังไม่มีข้อมูล'),
(34, 10, 'INFP', 'ยังไม่มีข้อมูล', 'ยังไม่มีข้อมูล'),
(35, 10, 'INFP', 'ยังไม่มีข้อมูล', 'ยังไม่มีข้อมูล'),
(36, 10, 'INFP', 'ยังไม่มีข้อมูล', 'ยังไม่มีข้อมูล'),
(37, 10, 'INFP', 'ยังไม่มีข้อมูล', 'ยังไม่มีข้อมูล'),
(38, 10, 'INFP', 'ยังไม่มีข้อมูล', 'ยังไม่มีข้อมูล'),
(39, 9, 'INTP', 'Software Engineer', 'Cyber Security,  Database Administrator, Developing Software'),
(40, 11, 'ESTJ', 'Software Developer', 'Developing Software'),
(41, 11, 'ESTJ', 'Software Developer', 'Developing Software'),
(42, 12, 'ISFJ', 'ยังไม่มีข้อมูล', 'ยังไม่มีข้อมูล'),
(43, 13, 'ISFP', 'ยังไม่มีข้อมูล', 'ยังไม่มีข้อมูล'),
(44, 13, 'ISTP', 'Developer', 'Developing Software,  System Analyst'),
(45, 13, 'ENTJ', 'ยังไม่มีข้อมูล', 'ยังไม่มีข้อมูล'),
(46, 16, 'INFP', 'ยังไม่มีข้อมูล', 'ยังไม่มีข้อมูล'),
(47, 17, 'ISTP', 'ยังไม่มีข้อมูล', 'ยังไม่มีข้อมูล'),
(48, 14, 'ENTP', 'ยังไม่มีข้อมูล', 'ยังไม่มีข้อมูล'),
(49, 15, 'ENTJ', 'ยังไม่มีข้อมูล', 'ยังไม่มีข้อมูล'),
(50, 19, 'INFP', 'ยังไม่มีข้อมูล', 'ยังไม่มีข้อมูล'),
(51, 20, 'INTJ', 'ยังไม่มีข้อมูล', 'ยังไม่มีข้อมูล'),
(52, 21, 'ISTJ', 'นักวิชาการคอมพิวเตอร์', 'Developing Software'),
(53, 10, 'ESFP', 'Cloud Engineer ', 'IT Consultant'),
(54, 9, 'INTJ', 'ยังไม่มีข้อมูล', 'ยังไม่มีข้อมูล'),
(55, 9, 'ISTJ', 'ยังไม่มีข้อมูล', 'ยังไม่มีข้อมูล'),
(56, 9, 'ESFP', 'Cloud Engineer ', 'IT Consultant'),
(57, 22, 'ENFJ', 'ยังไม่มีข้อมูล', 'ยังไม่มีข้อมูล'),
(58, 24, 'ISTJ', 'พนักงานระบบงานคอมพิวเตอร์', 'Developing Website');

-- --------------------------------------------------------

--
-- Table structure for table `subject`
--

CREATE TABLE `subject` (
  `ID_subject` int(11) NOT NULL,
  `ID_group` int(11) NOT NULL,
  `subjectName` text NOT NULL
) ENGINE=InnoDB DEFAULT CHARSET=utf8;

--
-- Dumping data for table `subject`
--

INSERT INTO `subject` (`ID_subject`, `ID_group`, `subjectName`) VALUES
(2, 5, 'Game Development'),
(3, 6, 'Advanced Project Management for ISNE'),
(4, 6, 'Mobile Application Development'),
(5, 6, 'Risk Management in Software Project'),
(6, 1, 'NLP'),
(261404, 2, 'Advanced Computer Engineering Laboratory'),
(261406, 7, 'Basic Compiler Design'),
(261407, 1, 'Fundamentals of Computation for Comp\r\nEng'),
(261410, 2, 'Electronic Devices for Computer Engineering'),
(261411, 8, 'Parallel Processing and Distributed Systems'),
(261414, 2, 'Digital System Design'),
(261421, 2, 'Computer Hardware Design'),
(261424, 2, 'Remote Monitoring and Control Systems'),
(261430, 3, 'Wireless Networks'),
(261433, 3, 'Network Programming'),
(261434, 3, 'Computer Network Design and Management'),
(261435, 3, 'Broadband Communication Networks'),
(261437, 3, 'Fundamentals of Queueing Theory for Computer'),
(261438, 3, 'Fundamentals of Multiprotocol Label Switching'),
(261439, 3, 'Wireless Communications for Computer Engineering'),
(261444, 4, 'Advanced Database Systems'),
(261446, 4, 'Information Systems'),
(261447, 3, 'Network and Information Security'),
(261448, 4, 'Data Mining for Computer Engineering'),
(261449, 6, 'Software Testing for Computer Engineering'),
(261453, 1, 'Digital Image Processing'),
(261456, 1, 'Intro to Computational Intell for Comp Eng\r\n'),
(261457, 5, 'Digital Image and Video Compression'),
(261458, 1, 'Machine Vision'),
(261465, 5, 'Computer Graphics'),
(261468, 2, 'System Analysis and Design for Computer\r\nEngineering'),
(261469, 6, 'Software Project Management for Computer\r\nEngineering'),
(261470, 3, 'Signal and Systems'),
(261471, 3, 'Advanced Digital Signal Processing'),
(261472, 1, 'Robotics'),
(261473, 1, 'Computer-Aided Manufacturing'),
(261478, 1, 'Principles of Control Systems'),
(261479, 1, 'Bioinformatics Programming'),
(269421, 3, 'Computer Network Traffic Analysis'),
(269430, 3, 'Wireless and Broadband Computer Networks'),
(269431, 3, 'Wireless Sensor Network'),
(269432, 3, 'Peer-to-peer Systems'),
(269451, 1, 'Introduction to Neuro-Fuzzy Systems'),
(269461, 6, 'Personal Software Process Improvement'),
(269462, 6, 'Introduction to Human-Computer Interaction');

-- --------------------------------------------------------

--
-- Table structure for table `subjectgroup`
--

CREATE TABLE `subjectgroup` (
  `ID_group` int(11) NOT NULL,
  `groupName` text DEFAULT NULL
) ENGINE=InnoDB DEFAULT CHARSET=utf8;

--
-- Dumping data for table `subjectgroup`
--

INSERT INTO `subjectgroup` (`ID_group`, `groupName`) VALUES
(1, 'Artificial Intelligence'),
(2, 'Computer Architecture and Organisation'),
(3, 'Network and Security'),
(4, 'Databases and Data Mining'),
(5, 'Computer Graphics and Visualization'),
(6, 'Software Engineering'),
(7, 'Scientific Computing and Simulation'),
(8, 'Concurrent, parallel and distributed systems');

-- --------------------------------------------------------

--
-- Table structure for table `top3`
--

CREATE TABLE `top3` (
  `ID_top3` int(11) NOT NULL,
  `ID_result` int(11) NOT NULL,
  `ID_group` int(11) NOT NULL,
  `rank` int(11) NOT NULL
) ENGINE=InnoDB DEFAULT CHARSET=utf8;

--
-- Dumping data for table `top3`
--

INSERT INTO `top3` (`ID_top3`, `ID_result`, `ID_group`, `rank`) VALUES
(1, 2, 1, 1),
(2, 2, 3, 2),
(3, 2, 4, 3),
(4, 3, 4, 1),
(5, 3, 5, 1),
(6, 3, 8, 2),
(7, 4, 1, 1),
(8, 4, 2, 1),
(9, 4, 5, 2),
(10, 4, 3, 2),
(11, 6, 1, 1),
(12, 6, 2, 1),
(13, 6, 5, 2),
(14, 6, 3, 2),
(15, 9, 1, 1),
(16, 9, 2, 2),
(17, 9, 3, 3),
(18, 9, 4, 3),
(19, 10, 1, 1),
(20, 10, 2, 2),
(21, 10, 3, 3),
(22, 10, 4, 3),
(23, 10, 1, 1),
(24, 10, 2, 2),
(25, 10, 3, 3),
(26, 10, 4, 3),
(27, 11, 7, 1),
(28, 11, 8, 1),
(29, 11, 7, 1),
(30, 11, 8, 1),
(31, 12, 7, 1),
(32, 12, 8, 1),
(33, 12, 7, 1),
(34, 12, 8, 1),
(35, 12, 7, 1),
(36, 12, 8, 1),
(37, 13, 1, 1),
(38, 13, 2, 2),
(39, 13, 3, 3),
(40, 13, 4, 4),
(41, 14, 1, 1),
(42, 14, 2, 2),
(43, 14, 3, 3),
(44, 14, 4, 3),
(45, 15, 1, 1),
(46, 15, 2, 2),
(47, 15, 3, 3),
(48, 15, 4, 4),
(49, 15, 1, 1),
(50, 15, 2, 2),
(51, 15, 3, 3),
(52, 15, 4, 4),
(53, 16, 1, 1),
(54, 16, 2, 2),
(55, 16, 3, 3),
(56, 16, 4, 3),
(57, 16, 1, 1),
(58, 16, 2, 2),
(59, 16, 3, 3),
(60, 16, 4, 3),
(61, 16, 1, 1),
(62, 16, 2, 2),
(63, 16, 3, 3),
(64, 16, 4, 3),
(65, 16, 1, 1),
(66, 16, 2, 2),
(67, 16, 3, 3),
(68, 16, 4, 3),
(69, 16, 1, 1),
(70, 16, 2, 2),
(71, 16, 3, 3),
(72, 16, 4, 3),
(73, 17, 1, 1),
(74, 17, 1, 1),
(75, 17, 1, 1),
(76, 17, 1, 1),
(77, 17, 1, 1),
(78, 17, 1, 1),
(79, 17, 1, 1),
(80, 17, 1, 1),
(81, 17, 1, 1),
(82, 17, 1, 1),
(83, 17, 1, 1),
(84, 17, 1, 1),
(85, 17, 1, 1),
(86, 17, 1, 1),
(87, 17, 1, 1),
(88, 17, 1, 1),
(89, 17, 1, 1),
(90, 17, 1, 1),
(91, 17, 1, 1),
(92, 17, 1, 1),
(93, 17, 1, 1),
(94, 18, 1, 1),
(95, 18, 2, 2),
(96, 18, 3, 3),
(97, 18, 1, 1),
(98, 18, 2, 2),
(99, 18, 3, 3),
(100, 18, 1, 1),
(101, 18, 2, 2),
(102, 18, 3, 3),
(103, 19, 1, 1),
(104, 19, 2, 2),
(105, 19, 3, 2),
(106, 19, 4, 2),
(107, 19, 5, 2),
(108, 19, 1, 1),
(109, 19, 2, 2),
(110, 19, 3, 2),
(111, 19, 4, 2),
(112, 19, 5, 2),
(113, 19, 1, 1),
(114, 19, 2, 2),
(115, 19, 3, 2),
(116, 19, 4, 2),
(117, 19, 5, 2),
(118, 19, 1, 1),
(119, 19, 2, 2),
(120, 19, 3, 2),
(121, 19, 4, 2),
(122, 19, 5, 2),
(123, 19, 1, 1),
(124, 19, 2, 2),
(125, 19, 3, 2),
(126, 19, 4, 2),
(127, 19, 5, 2),
(128, 19, 1, 1),
(129, 19, 2, 2),
(130, 19, 3, 2),
(131, 19, 4, 2),
(132, 19, 5, 2),
(133, 19, 1, 1),
(134, 19, 2, 2),
(135, 19, 3, 2),
(136, 19, 4, 2),
(137, 19, 5, 2),
(138, 19, 1, 1),
(139, 19, 2, 2),
(140, 19, 3, 2),
(141, 19, 4, 2),
(142, 19, 5, 2),
(143, 19, 1, 1),
(144, 19, 2, 2),
(145, 19, 3, 2),
(146, 19, 4, 2),
(147, 19, 5, 2),
(148, 19, 1, 1),
(149, 19, 2, 2),
(150, 19, 3, 2),
(151, 19, 4, 2),
(152, 19, 5, 2),
(153, 20, 3, 1),
(154, 20, 5, 2),
(155, 20, 6, 2),
(156, 20, 4, 2),
(157, 21, 1, 1),
(158, 21, 2, 2),
(159, 21, 3, 3),
(160, 21, 1, 1),
(161, 21, 2, 2),
(162, 21, 3, 3),
(163, 21, 1, 1),
(164, 21, 2, 2),
(165, 21, 3, 3),
(166, 21, 1, 1),
(167, 21, 2, 2),
(168, 21, 3, 3),
(169, 21, 1, 1),
(170, 21, 2, 2),
(171, 21, 3, 3),
(172, 21, 1, 1),
(173, 21, 2, 2),
(174, 21, 3, 3),
(175, 21, 1, 1),
(176, 21, 2, 2),
(177, 21, 3, 3),
(178, 21, 1, 1),
(179, 21, 2, 2),
(180, 21, 3, 3),
(181, 24, 1, 1),
(182, 24, 3, 2),
(183, 24, 2, 3),
(184, 24, 1, 1),
(185, 24, 3, 2),
(186, 24, 2, 3),
(187, 24, 1, 1),
(188, 24, 3, 2),
(189, 24, 2, 3),
(190, 24, 1, 1),
(191, 24, 3, 2),
(192, 24, 2, 3),
(193, 24, 1, 1),
(194, 24, 3, 2),
(195, 24, 2, 3),
(196, 24, 1, 1),
(197, 24, 3, 2),
(198, 24, 2, 3),
(199, 24, 1, 1),
(200, 24, 3, 2),
(201, 24, 2, 3),
(202, 24, 1, 1),
(203, 24, 3, 2),
(204, 24, 2, 3),
(205, 24, 1, 1),
(206, 24, 3, 2),
(207, 24, 2, 3),
(208, 24, 1, 1),
(209, 24, 3, 2),
(210, 24, 2, 3),
(211, 24, 1, 1),
(212, 24, 3, 2),
(213, 24, 2, 3),
(214, 24, 1, 1),
(215, 24, 3, 2),
(216, 24, 2, 3),
(217, 24, 1, 1),
(218, 24, 3, 2),
(219, 24, 2, 3),
(220, 24, 1, 1),
(221, 24, 3, 2),
(222, 24, 2, 3),
(223, 24, 1, 1),
(224, 24, 3, 2),
(225, 24, 2, 3),
(226, 24, 1, 1),
(227, 24, 3, 2),
(228, 24, 2, 3),
(229, 24, 1, 1),
(230, 24, 3, 2),
(231, 24, 2, 3),
(232, 24, 1, 1),
(233, 24, 3, 2),
(234, 24, 2, 3),
(235, 24, 1, 1),
(236, 24, 3, 2),
(237, 24, 2, 3),
(238, 24, 1, 1),
(239, 24, 3, 2),
(240, 24, 2, 3),
(241, 24, 1, 1),
(242, 24, 3, 2),
(243, 24, 2, 3),
(244, 24, 1, 1),
(245, 24, 3, 2),
(246, 24, 2, 3),
(247, 24, 1, 1),
(248, 24, 3, 2),
(249, 24, 2, 3),
(250, 24, 1, 1),
(251, 24, 3, 2),
(252, 24, 2, 3),
(253, 24, 1, 1),
(254, 24, 3, 2),
(255, 24, 2, 3),
(256, 24, 1, 1),
(257, 24, 3, 2),
(258, 24, 2, 3),
(259, 24, 1, 1),
(260, 24, 3, 2),
(261, 24, 2, 3),
(262, 24, 1, 1),
(263, 24, 3, 2),
(264, 24, 2, 3),
(265, 24, 1, 1),
(266, 24, 3, 2),
(267, 24, 2, 3),
(268, 24, 1, 1),
(269, 24, 3, 2),
(270, 24, 2, 3),
(271, 24, 1, 1),
(272, 24, 3, 2),
(273, 24, 2, 3),
(274, 24, 1, 1),
(275, 24, 3, 2),
(276, 24, 2, 3),
(277, 24, 1, 1),
(278, 24, 3, 2),
(279, 24, 2, 3),
(280, 24, 1, 1),
(281, 24, 3, 2),
(282, 24, 2, 3),
(283, 24, 1, 1),
(284, 24, 3, 2),
(285, 24, 2, 3),
(286, 24, 1, 1),
(287, 24, 3, 2),
(288, 24, 2, 3),
(289, 24, 1, 1),
(290, 24, 3, 2),
(291, 24, 2, 3),
(292, 24, 1, 1),
(293, 24, 3, 2),
(294, 24, 2, 3),
(295, 24, 1, 1),
(296, 24, 3, 2),
(297, 24, 2, 3),
(298, 24, 1, 1),
(299, 24, 3, 2),
(300, 24, 2, 3),
(301, 24, 1, 1),
(302, 24, 3, 2),
(303, 24, 2, 3),
(304, 24, 1, 1),
(305, 24, 3, 2),
(306, 24, 2, 3),
(307, 24, 1, 1),
(308, 24, 3, 2),
(309, 24, 2, 3),
(310, 24, 1, 1),
(311, 24, 3, 2),
(312, 24, 2, 3),
(313, 24, 1, 1),
(314, 24, 3, 2),
(315, 24, 2, 3),
(316, 24, 1, 1),
(317, 24, 3, 2),
(318, 24, 2, 3),
(319, 24, 1, 1),
(320, 24, 3, 2),
(321, 24, 2, 3),
(322, 24, 1, 1),
(323, 24, 3, 2),
(324, 24, 2, 3),
(325, 24, 1, 1),
(326, 24, 3, 2),
(327, 24, 2, 3),
(328, 24, 1, 1),
(329, 24, 3, 2),
(330, 24, 2, 3),
(331, 24, 1, 1),
(332, 24, 3, 2),
(333, 24, 2, 3),
(334, 24, 1, 1),
(335, 24, 3, 2),
(336, 24, 2, 3),
(337, 24, 1, 1),
(338, 24, 3, 2),
(339, 24, 2, 3),
(340, 24, 1, 1),
(341, 24, 3, 2),
(342, 24, 2, 3),
(343, 24, 1, 1),
(344, 24, 3, 2),
(345, 24, 2, 3),
(346, 24, 1, 1),
(347, 24, 3, 2),
(348, 24, 2, 3),
(349, 24, 1, 1),
(350, 24, 3, 2),
(351, 24, 2, 3),
(352, 24, 1, 1),
(353, 24, 3, 2),
(354, 24, 2, 3),
(355, 24, 1, 1),
(356, 24, 3, 2),
(357, 24, 2, 3),
(358, 24, 1, 1),
(359, 24, 3, 2),
(360, 24, 2, 3),
(361, 24, 1, 1),
(362, 24, 3, 2),
(363, 24, 2, 3),
(364, 24, 1, 1),
(365, 24, 3, 2),
(366, 24, 2, 3),
(367, 24, 1, 1),
(368, 24, 3, 2),
(369, 24, 2, 3),
(370, 24, 1, 1),
(371, 24, 3, 2),
(372, 24, 2, 3),
(373, 24, 1, 1),
(374, 24, 3, 2),
(375, 24, 2, 3),
(376, 24, 1, 1),
(377, 24, 3, 2),
(378, 24, 2, 3),
(379, 24, 1, 1),
(380, 24, 3, 2),
(381, 24, 2, 3),
(382, 24, 1, 1),
(383, 24, 3, 2),
(384, 24, 2, 3),
(385, 24, 1, 1),
(386, 24, 3, 2),
(387, 24, 2, 3),
(388, 24, 1, 1),
(389, 24, 3, 2),
(390, 24, 2, 3),
(391, 24, 1, 1),
(392, 24, 3, 2),
(393, 24, 2, 3),
(394, 24, 1, 1),
(395, 24, 3, 2),
(396, 24, 2, 3),
(397, 24, 1, 1),
(398, 24, 3, 2),
(399, 24, 2, 3),
(400, 24, 1, 1),
(401, 24, 3, 2),
(402, 24, 2, 3),
(403, 24, 1, 1),
(404, 24, 3, 2),
(405, 24, 2, 3),
(406, 24, 1, 1),
(407, 24, 3, 2),
(408, 24, 2, 3),
(409, 24, 1, 1),
(410, 24, 3, 2),
(411, 24, 2, 3),
(412, 24, 1, 1),
(413, 24, 3, 2),
(414, 24, 2, 3),
(415, 24, 1, 1),
(416, 24, 3, 2),
(417, 24, 2, 3),
(418, 24, 1, 1),
(419, 24, 3, 2),
(420, 24, 2, 3),
(421, 24, 1, 1),
(422, 24, 3, 2),
(423, 24, 2, 3),
(424, 24, 1, 1),
(425, 24, 3, 2),
(426, 24, 2, 3),
(427, 24, 1, 1),
(428, 24, 3, 2),
(429, 24, 2, 3),
(430, 24, 1, 1),
(431, 24, 3, 2),
(432, 24, 2, 3),
(433, 24, 1, 1),
(434, 24, 3, 2),
(435, 24, 2, 3),
(436, 24, 1, 1),
(437, 24, 3, 2),
(438, 24, 2, 3),
(439, 24, 1, 1),
(440, 24, 3, 2),
(441, 24, 2, 3),
(442, 24, 1, 1),
(443, 24, 3, 2),
(444, 24, 2, 3),
(445, 24, 1, 1),
(446, 24, 3, 2),
(447, 24, 2, 3),
(448, 24, 1, 1),
(449, 24, 3, 2),
(450, 24, 2, 3),
(451, 24, 1, 1),
(452, 24, 3, 2),
(453, 24, 2, 3),
(454, 24, 1, 1),
(455, 24, 3, 2),
(456, 24, 2, 3),
(457, 24, 1, 1),
(458, 24, 3, 2),
(459, 24, 2, 3),
(460, 24, 1, 1),
(461, 24, 3, 2),
(462, 24, 2, 3),
(463, 25, 6, 1),
(464, 25, 1, 2),
(465, 25, 3, 2),
(466, 25, 6, 1),
(467, 25, 1, 2),
(468, 25, 3, 2),
(469, 25, 6, 1),
(470, 25, 1, 2),
(471, 25, 3, 2),
(472, 25, 6, 1),
(473, 25, 1, 2),
(474, 25, 3, 2),
(475, 25, 6, 1),
(476, 25, 1, 2),
(477, 25, 3, 2),
(478, 25, 6, 1),
(479, 25, 1, 2),
(480, 25, 3, 2),
(481, 25, 6, 1),
(482, 25, 1, 2),
(483, 25, 3, 2),
(484, 25, 6, 1),
(485, 25, 1, 2),
(486, 25, 3, 2),
(487, 25, 6, 1),
(488, 25, 1, 2),
(489, 25, 3, 2),
(490, 25, 6, 1),
(491, 25, 1, 2),
(492, 25, 3, 2),
(493, 25, 6, 1),
(494, 25, 1, 2),
(495, 25, 3, 2),
(496, 25, 6, 1),
(497, 25, 1, 2),
(498, 25, 3, 2),
(499, 26, 6, 1),
(500, 26, 2, 2),
(501, 26, 4, 2),
(502, 26, 6, 1),
(503, 26, 2, 2),
(504, 26, 4, 2),
(505, 26, 6, 1),
(506, 26, 2, 2),
(507, 26, 4, 2),
(508, 26, 6, 1),
(509, 26, 2, 2),
(510, 26, 4, 2),
(511, 26, 6, 1),
(512, 26, 2, 2),
(513, 26, 4, 2),
(514, 26, 6, 1),
(515, 26, 2, 2),
(516, 26, 4, 2),
(517, 26, 6, 1),
(518, 26, 2, 2),
(519, 26, 4, 2),
(520, 26, 6, 1),
(521, 26, 2, 2),
(522, 26, 4, 2),
(523, 26, 6, 1),
(524, 26, 2, 2),
(525, 26, 4, 2),
(526, 26, 6, 1),
(527, 26, 2, 2),
(528, 26, 4, 2),
(529, 26, 6, 1),
(530, 26, 2, 2),
(531, 26, 4, 2),
(532, 26, 6, 1),
(533, 26, 2, 2),
(534, 26, 4, 2),
(535, 26, 6, 1),
(536, 26, 2, 2),
(537, 26, 4, 2),
(538, 26, 6, 1),
(539, 26, 2, 2),
(540, 26, 4, 2),
(541, 26, 6, 1),
(542, 26, 2, 2),
(543, 26, 4, 2),
(544, 26, 6, 1),
(545, 26, 2, 2),
(546, 26, 4, 2),
(547, 26, 6, 1),
(548, 26, 2, 2),
(549, 26, 4, 2),
(550, 26, 6, 1),
(551, 26, 2, 2),
(552, 26, 4, 2),
(553, 26, 6, 1),
(554, 26, 2, 2),
(555, 26, 4, 2),
(556, 26, 6, 1),
(557, 26, 2, 2),
(558, 26, 4, 2),
(559, 26, 6, 1),
(560, 26, 2, 2),
(561, 26, 4, 2),
(562, 26, 6, 1),
(563, 26, 2, 2),
(564, 26, 4, 2),
(565, 26, 6, 1),
(566, 26, 2, 2),
(567, 26, 4, 2),
(568, 26, 6, 1),
(569, 26, 2, 2),
(570, 26, 4, 2),
(571, 27, 2, 1),
(572, 27, 5, 2),
(573, 27, 8, 2),
(574, 28, 3, 1),
(575, 28, 6, 2),
(576, 28, 4, 3),
(577, 39, 3, 1),
(578, 39, 6, 2),
(579, 39, 4, 3),
(580, 39, 3, 1),
(581, 39, 6, 2),
(582, 39, 4, 3),
(583, 39, 3, 1),
(584, 39, 6, 2),
(585, 39, 4, 3),
(586, 40, 6, 1),
(587, 40, 1, 2),
(588, 40, 3, 2),
(589, 40, 4, 2),
(590, 41, 6, 1),
(591, 41, 1, 1),
(592, 41, 2, 1),
(593, 41, 5, 2),
(594, 41, 8, 2),
(595, 41, 3, 2),
(596, 42, 6, 1),
(597, 42, 4, 2),
(598, 42, 1, 2),
(599, 42, 3, 2),
(600, 43, 1, 1),
(601, 43, 5, 2),
(602, 43, 7, 2),
(603, 44, 1, 1),
(604, 44, 2, 2),
(605, 44, 5, 2),
(606, 44, 6, 2),
(607, 44, 7, 2),
(608, 45, 1, 1),
(609, 45, 3, 2),
(610, 45, 7, 2),
(611, 46, 6, 1),
(612, 46, 1, 2),
(613, 46, 7, 2),
(614, 46, 8, 2),
(615, 47, 2, 1),
(616, 47, 5, 1),
(617, 47, 1, 2),
(618, 49, 1, 1),
(619, 49, 2, 2),
(620, 49, 6, 2),
(621, 49, 7, 2),
(622, 49, 8, 2),
(623, 48, 1, 1),
(624, 48, 6, 2),
(625, 48, 2, 3),
(626, 48, 3, 3),
(627, 48, 4, 3),
(628, 46, 6, 1),
(629, 46, 7, 2),
(630, 46, 8, 2),
(631, 46, 1, 2),
(632, 50, 1, 1),
(633, 50, 5, 2),
(634, 50, 6, 3),
(635, 51, 2, 1),
(636, 51, 1, 1),
(637, 51, 3, 2),
(638, 51, 5, 2),
(639, 52, 6, 1),
(640, 52, 5, 2),
(641, 52, 1, 2),
(642, 53, 3, 1),
(643, 53, 2, 2),
(644, 54, 1, 1),
(645, 54, 3, 2),
(646, 54, 2, 3),
(647, 54, 4, 3),
(648, 55, 4, 1),
(649, 55, 1, 2),
(650, 55, 3, 2),
(651, 55, 5, 2),
(652, 55, 6, 2),
(653, 56, 3, 1),
(654, 56, 1, 2),
(655, 56, 6, 3),
(656, 57, 1, 1),
(657, 57, 3, 2),
(658, 57, 6, 3),
(659, 58, 3, 1),
(660, 58, 6, 2),
(661, 58, 1, 3);

-- --------------------------------------------------------

--
-- Table structure for table `top3_subjectgroup`
--

CREATE TABLE `top3_subjectgroup` (
  `ID_top3` int(11) NOT NULL,
  `ID_group` int(11) NOT NULL
) ENGINE=InnoDB DEFAULT CHARSET=utf8;

-- --------------------------------------------------------

--
-- Table structure for table `users`
--

CREATE TABLE `users` (
  `id` bigint(20) UNSIGNED NOT NULL,
  `name` varchar(255) COLLATE utf8mb4_unicode_ci NOT NULL,
  `email` varchar(255) COLLATE utf8mb4_unicode_ci NOT NULL,
  `email_verified_at` timestamp NULL DEFAULT NULL,
  `password` varchar(255) COLLATE utf8mb4_unicode_ci NOT NULL,
  `remember_token` varchar(100) COLLATE utf8mb4_unicode_ci DEFAULT NULL,
  `created_at` timestamp NULL DEFAULT NULL,
  `updated_at` timestamp NULL DEFAULT NULL
) ENGINE=InnoDB DEFAULT CHARSET=utf8mb4 COLLATE=utf8mb4_unicode_ci;

--
-- Dumping data for table `users`
--

INSERT INTO `users` (`id`, `name`, `email`, `email_verified_at`, `password`, `remember_token`, `created_at`, `updated_at`) VALUES
(1, 'Hut', 'hut@email.com', NULL, '$2y$10$.0rLHLo9GQ3KZyWYjvdBw.n1PiDKhYiSVWt0EYQttvtF4nkMsNQvm', NULL, NULL, NULL),
(2, 'user1', 'user1@email.com', NULL, '$2y$10$5.If8kdNJUryTqPwfJy4aOFvjHzwwD.9hMnTEaL.w/Eh2vscoQ7LO', NULL, NULL, NULL),
(3, 'User2', 'user2@email.com', NULL, '$2y$10$6Acz6CnqCgXJwMQ0m44hF.AjFyt9wHuiS2/m5c0cc/rZ0wNn1xYAi', NULL, NULL, NULL),
(4, 'User3', 'user3@email.com', NULL, '$2y$10$BVChu9phf9tNsvuEmk/nH.VAr5c.yTluNMA9H0os8ZBAPvbmbvPri', NULL, NULL, NULL),
(5, 'User4', 'user4@email.com', NULL, '$2y$10$TAvrAaXftN9FAGa4ZWbIZeIduAV3R/5R2LxJWu6K46Wijge9UfWdO', NULL, NULL, NULL),
(6, 'user5', 'user5@email.com', NULL, '$2y$10$seAqep8D2xt2rIJo1MHJEeOTB3ZlYL/zgmZwzgoZCLmRTQGL8amGm', NULL, NULL, NULL),
(8, 'Hut', 'rak@email.com', NULL, '$2y$10$4kjceo2JyR5.fmxfYADjeeoXNHBcwVP15W0q.d5rQmhZLJyx1u8SC', NULL, NULL, NULL),
(9, 'Rose', 'rose@email.com', NULL, '$2y$10$K3TptwutXF3IvJRo.hKGueHn/OITbFzBQN.Yr40oxExmamiT1Qgqa', NULL, NULL, NULL),
(10, 'Lisa', 'lisa@email.com', NULL, '$2y$10$YSMYcrmUqgAgPqsWa9kdQO03GhDPScyaNLd7q9ZsRd5mckzeC1IMW', NULL, NULL, NULL),
(11, 'mook', 'mook@gmail.com', NULL, '$2y$10$ZPtH1x9KDDer/BoLThRV2eHrciX/zwKy2He9Gh5ib86QB6gfMb0HC', NULL, NULL, NULL),
(12, 'witchaya chaiwan', 'witchayawave@gmail.com', NULL, '$2y$10$kNs9ylIMwesZHteJXsfpKuRShaFrMkMoGOSMh4Po5dfOL./KApn7S', NULL, NULL, NULL),
(13, 'eye', 'eyeza55@gmail.com', NULL, '$2y$10$Qpx8UZD.OrpFP1LG7QSNK./aByRtAlUMbDXH5PsDfHfggowc.uUIC', NULL, NULL, NULL),
(14, 'Pattiya Apiratmontree', 'jean_pattiya@hotmail.com', NULL, '$2y$10$5Mh38KROQsouqU/L7V7njeMthicRpHR1TkguHUvnZAZGPWNe.bkcC', NULL, NULL, NULL),
(15, 'Mark', 'mark@mail.com', NULL, '$2y$10$vcekB3XO147mFh4ehiyvFexvpDgUArVJJPdwQflFl5X4FdxxEPZsm', NULL, NULL, NULL),
(16, 'pop', 'pop@mail.com', NULL, '$2y$10$OP7tfuFU0lctQ9.h9agAb.FTXMGnKu6VYBb3mfOGIzkK5DwcNfI4.', NULL, NULL, NULL),
(17, 'admin', 'admin@admin.com', NULL, '$2y$10$.YiI599Hk3O9t3xr7q2QKeQ.JLSpUwiITkszudtekbLKvcqig0G7.', NULL, NULL, NULL),
(19, 'Penguin', 'guinnapoon@gmail.com', NULL, '$2y$10$tS7MB8ZO3fSVGA/JJKGNMO3/CrnbJ/r9hKG0kdmlANEJVBPUw49XW', NULL, NULL, NULL),
(20, 'Time', 'timingkids2014@gmail.com', NULL, '$2y$10$iSHg/ZlPA7rVNLh0bCj2z.3A5fDIH0j6.oBf2HDezyHmdJeMMo20S', NULL, NULL, NULL),
(21, 'kenma', 'kenma@email.com', NULL, '$2y$10$e1VeoeahdsFcdgmFnHKnEO4.MMe/Ue39pcw3gYvMs7bA/en3h2HHS', NULL, NULL, NULL),
(22, 'Jennie', 'Jennie@email.com', NULL, '$2y$10$bhsjQ/32BHOWP2HhYNoUj./Yws09UUovhhZgs/Nxod6YrIKa4VmgK', NULL, NULL, NULL),
(24, 'Alice', 'alice@email.com', NULL, '$2y$10$SyUDhXG3wZGeGPs9nbqu5OFURQveRzr3u8wZPZNo0YeSAgKnhiDta', NULL, NULL, NULL);

--
-- Indexes for dumped tables
--

--
-- Indexes for table `job`
--
ALTER TABLE `job`
  ADD PRIMARY KEY (`ID_job`);

--
-- Indexes for table `job_predictjob`
--
ALTER TABLE `job_predictjob`
  ADD PRIMARY KEY (`ID_predictJob`,`ID_job`),
  ADD KEY `ID_job` (`ID_job`);

--
-- Indexes for table `majorelective`
--
ALTER TABLE `majorelective`
  ADD PRIMARY KEY (`ID_majorElective`);

--
-- Indexes for table `migrations`
--
ALTER TABLE `migrations`
  ADD PRIMARY KEY (`id`);

--
-- Indexes for table `password_resets`
--
ALTER TABLE `password_resets`
  ADD KEY `password_resets_email_index` (`email`);

--
-- Indexes for table `personalitytype`
--
ALTER TABLE `personalitytype`
  ADD PRIMARY KEY (`ID_personal`);

--
-- Indexes for table `predictjob`
--
ALTER TABLE `predictjob`
  ADD PRIMARY KEY (`ID_predictJob`);

--
-- Indexes for table `result`
--
ALTER TABLE `result`
  ADD PRIMARY KEY (`ID_result`);

--
-- Indexes for table `subject`
--
ALTER TABLE `subject`
  ADD PRIMARY KEY (`ID_subject`);

--
-- Indexes for table `subjectgroup`
--
ALTER TABLE `subjectgroup`
  ADD PRIMARY KEY (`ID_group`);

--
-- Indexes for table `top3`
--
ALTER TABLE `top3`
  ADD PRIMARY KEY (`ID_top3`);

--
-- Indexes for table `top3_subjectgroup`
--
ALTER TABLE `top3_subjectgroup`
  ADD PRIMARY KEY (`ID_top3`,`ID_group`),
  ADD KEY `ID_group` (`ID_group`);

--
-- Indexes for table `users`
--
ALTER TABLE `users`
  ADD PRIMARY KEY (`id`),
  ADD UNIQUE KEY `users_email_unique` (`email`);

--
-- AUTO_INCREMENT for dumped tables
--

--
-- AUTO_INCREMENT for table `migrations`
--
ALTER TABLE `migrations`
  MODIFY `id` int(10) UNSIGNED NOT NULL AUTO_INCREMENT, AUTO_INCREMENT=3;

--
-- AUTO_INCREMENT for table `users`
--
ALTER TABLE `users`
  MODIFY `id` bigint(20) UNSIGNED NOT NULL AUTO_INCREMENT, AUTO_INCREMENT=25;

--
-- Constraints for dumped tables
--

--
-- Constraints for table `job_predictjob`
--
ALTER TABLE `job_predictjob`
  ADD CONSTRAINT `job_predictjob_ibfk_1` FOREIGN KEY (`ID_predictJob`) REFERENCES `predictjob` (`ID_predictJob`) ON DELETE NO ACTION ON UPDATE NO ACTION,
  ADD CONSTRAINT `job_predictjob_ibfk_2` FOREIGN KEY (`ID_job`) REFERENCES `job` (`ID_job`) ON DELETE NO ACTION ON UPDATE NO ACTION;

--
-- Constraints for table `top3_subjectgroup`
--
ALTER TABLE `top3_subjectgroup`
  ADD CONSTRAINT `top3_subjectgroup_ibfk_1` FOREIGN KEY (`ID_top3`) REFERENCES `top3` (`ID_top3`) ON DELETE NO ACTION ON UPDATE NO ACTION,
  ADD CONSTRAINT `top3_subjectgroup_ibfk_2` FOREIGN KEY (`ID_group`) REFERENCES `subjectgroup` (`ID_group`) ON DELETE NO ACTION ON UPDATE NO ACTION;
COMMIT;

/*!40101 SET CHARACTER_SET_CLIENT=@OLD_CHARACTER_SET_CLIENT */;
/*!40101 SET CHARACTER_SET_RESULTS=@OLD_CHARACTER_SET_RESULTS */;
/*!40101 SET COLLATION_CONNECTION=@OLD_COLLATION_CONNECTION */;
